municipality,province,latitude,longitude,surface_km2,surface_land_km2,surface_water_km2,population,avg_household_income_2012,avg_woz_2014,ww_ratio_2014,murders_2014,university,asylum_migrants_1999,asylum_migrants_2000,asylum_migrants_2001,asylum_migrants_2002,asylum_migrants_2003,asylum_migrants_2004,asylum_migrants_2005,asylum_migrants_2006,asylum_migrants_2007,asylum_migrants_2008,asylum_migrants_2009,asylum_migrants_2010,asylum_migrants_2011,asylum_migrants_2012,asylum_migrants_2013,asylum_migrants_2014,asylum_migrants_2015,flag_color1,flag_color2,flag_color3,flag_color4,shield_symbol_1,shield_symbol_2,shield_symbol_3,shieldholder_1,shieldholder_2,shield_crown
Aa en Hunze,Drenthe,53.010.485,6.749.528,278.9,276.4,2.5,25243,35500,225000,0.04,0,0,220,160,135,85,50,45,45,40,40,40,35,30,30,30,25,25,20,green,yellow,,,crown,cross,,deer,deer,crown
Aalburg,Noord-Brabant,51.751.294,5.057.085,53.2,50.4,2.8,12859,39100,249000,0.03,0,0,10,10,10,5,5,5,5,5,5,5,5,5,5,5,5,5,5,black,red,yellow,,wheel,lion,,,,crown
Aalsmeer,Noord-Holland,52.262.164,4.761.922,32.3,20.4,11.9,30792,40900,276000,0.03,0,0,70,70,70,75,70,70,65,65,60,60,60,60,55,60,60,60,55,red,green,black,,lion,eel,,,,
Aalten,Gelderland,51.926.667,6.580.678,97.0,96.5,0.5,27030,33300,194000,0.04,0,0,200,120,100,90,85,75,55,55,55,50,50,55,45,35,35,35,35,white,green,,,tree,sword,,,,crown
Achtkarspelen,Friesland,53.210.357,6.153.565,104.0,102.4,1.6,28002,30500,165000,0.06,0,0,95,75,65,40,40,40,35,35,35,30,25,30,25,25,25,25,25,white,red,green,blue,church,,,,,crown
Alblasserdam,Zuid-Holland,51.870.337,4.670.202,10.1,8.8,1.3,19822,35500,195000,0.03,0,0,90,85,85,85,85,90,85,80,75,75,70,70,70,70,65,65,60,yellow,red,,,lion,,,,,
Albrandswaard,Zuid-Holland,51.858.068,4.423.187,23.8,21.9,1.9,25044,42700,255000,0.03,1,0,60,75,75,75,65,65,60,60,65,70,75,70,70,75,70,70,70,red,yellow,white,blue,shield,,,,,crown
Alkmaar,Noord-Holland,52.632.842,4.755.037,31.2,29.3,1.9,94906,32300,181000,0.04,4,0,610,550,555,545,545,515,480,445,435,415,395,375,380,375,365,355,355,red,white,,,stronghold,,,lion,lion,laurel
Almelo,Overijssel,52.367.027,6.668.492,69.4,67.4,2.0,72435,31000,156000,0.05,3,0,595,570,515,530,555,530,530,530,525,525,530,535,545,530,520,510,510,blue,white,,,diamond,,,lion,lion,crown
Almere,Flevoland,52.350.785,5.264.702,248.8,129.6,119.2,196156,34900,182000,0.05,1,0,745,815,885,995,1110,1165,1215,1215,1295,1345,1360,1380,1375,1370,1360,1360,1355,red,yellow,blue,white,cog,lily,,seahorse,seahorse,crown
Alphen aan den Rijn,Zuid-Holland,52.111.222,4.647.251,132.5,126.6,5.9,106809,36900,220000,0.04,2,0,440,465,475,470,450,425,400,395,395,395,380,380,360,345,330,330,320,blue,white,yellow,,star,stronghold,,lion,lion,crown
Alphen-Chaam,Noord-Brabant,51.509.135,4.861.589,93.5,93.0,0.5,9712,40000,295000,0.03,0,0,20,20,25,25,25,20,15,15,10,10,10,10,10,10,10,10,10,green,white,,,mountain,comb,,bird,bird,crown
Ameland,Friesland,53.440.564,5.658.766,268.5,58.8,209.7,3565,31100,201000,0.08,0,0,25,15,5,0,0,0,0,0,0,0,0,0,0,0,0,0,0,blue,yellow,black,white,moon,,,,,crown
Amersfoort,Utrecht,52.156.111,5.387.827,63.9,62.9,1.0,150943,36900,222000,0.04,3,0,1185,1225,1215,1210,1190,1195,1150,1110,1115,1115,1105,1090,1075,1060,1030,1020,1005,red,white,,,cross,,,lion,lion,crown
Amstelveen,Noord-Holland,52.311.421,4.870.087,44.1,41.5,2.6,85135,40200,257000,0.03,2,0,445,440,460,470,485,475,465,425,420,420,410,415,410,420,415,430,430,red,black,white,,cross,,,,,
Amsterdam,Noord-Holland,52.370.216,4.895.168,219.3,165.8,53.6,853312,31400,231000,0.04,23,2,4505,4655,4530,4425,4305,4185,3975,3815,3685,3645,3580,3565,3530,3470,3475,3405,3415,red,white,black,,cross,,,lion,lion,crown
Apeldoorn,Gelderland,52.211.157,5.969.923,341.2,339.9,1.2,157535,34800,208000,0.04,0,0,870,870,875,885,855,830,805,765,735,730,715,690,685,690,680,660,670,red,yellow,white,green,eagle,key,,,,
Appingedam,Groningen,53.320.678,6.854.422,24.6,23.8,0.8,12049,29800,142000,0.06,0,0,75,60,50,45,40,35,35,35,35,30,25,30,30,30,30,25,25,yellow,blue,green,red,pelican,,,,,crown
Arnhem,Gelderland,51.985.103,5.898.730,101.5,98.0,3.6,150817,30500,175000,0.05,1,0,1610,1645,1720,1725,1685,1630,1585,1510,1525,1515,1485,1485,1480,1455,1450,1455,1450,blue,white,,,eagle,,,lion,lion,crown
Assen,Drenthe,52.992.753,6.564.228,83.5,81.9,1.5,67209,32200,162000,0.04,0,0,525,465,450,440,410,405,395,380,385,375,365,360,340,335,320,315,310,blue,white,,,maria,jesus,,lion,lion,crown
Asten,Noord-Brabant,51.402.994,5.744.078,71.3,70.2,1.1,16479,35800,275000,0.05,0,0,55,60,60,55,50,45,45,50,45,50,45,45,35,30,40,40,35,white,red,yellow,black,cross,,,,,crown
Baarle-Nassau,Noord-Brabant,51.445.137,4.929.523,76.2,76.2,0.0,6617,35400,250000,0.04,0,0,25,25,20,20,20,15,10,10,10,10,10,10,5,5,5,5,5,blue,white,red,yellow,haystack,,,,,
Baarn,Utrecht,52.213.182,5.286.410,33.0,32.5,0.5,24344,38600,290000,0.04,0,0,100,110,110,115,120,115,105,95,95,85,80,80,75,70,70,70,75,blue,yellow,,,bishop,,,,,
Barendrecht,Zuid-Holland,51.851.509,4.548.581,21.7,19.8,1.9,47375,41600,244000,0.04,0,0,75,80,80,70,70,70,65,85,100,105,115,115,115,140,155,160,165,red,white,yellow,green,lion,,,,,
Barneveld,Gelderland,52.162.147,5.655.360,176.7,176.0,0.7,54176,38000,279000,0.03,0,0,185,185,195,180,185,155,150,145,135,135,130,130,120,110,110,105,100,blue,yellow,red,,butterfly,plant,sun,,,
Bedum,Groningen,53.301.675,6.599.829,45.0,44.6,0.4,10475,33900,176000,0.04,0,0,30,30,30,30,25,25,20,20,25,15,15,15,15,10,10,10,10,yellow,white,blue,,spade,cross,book,,,crown
Beek,Limburg,50.939.316,5.795.647,21.0,21.0,0.0,16268,35300,184000,0.04,0,0,80,80,80,80,70,70,65,70,65,55,50,60,60,60,65,65,60,white,blue,,,lion,cross,snake,,,crown
Beemster,Noord-Holland,52.547.559,4.913.332,72.1,70.6,1.5,8919,41400,304000,0.02,0,0,40,40,35,25,25,25,20,20,20,20,15,20,20,15,20,15,15,red,green,yellow,blue,cow,sun,,,,
Beesel,Limburg,51.269.698,6.046.834,29.2,28.1,1.0,13593,33600,186000,0.05,0,0,45,50,45,50,50,50,50,50,50,50,55,50,45,35,35,35,30,yellow,blue,red,green,dragon,,,,,
Berg en Dal,Gelderland,51.818.121,5.920.082,44.1,44.1,0.0,18956,,,,0,0,,,,,,,,,,,,,,,,,,white,red,black,yellow,lion,rose,,,,crown
Bergeijk,Noord-Brabant,51.319.716,5.357.500,101.7,101.2,0.6,18250,37700,291000,0.04,0,0,40,40,50,50,45,40,30,30,25,20,20,15,15,10,15,10,10,yellow,blue,white,red,lion,lily,,saint peter,oak,crown
Bergen (L.),Limburg,51.599.866,6.032.998,108.5,103.8,4.7,13230,34000,208000,0.05,0,0,75,80,80,75,75,75,75,65,55,50,45,30,30,30,30,25,25,yellow,blue,red,,,,,,,
Bergen (NH.),Noord-Holland,52.674.937,4.706.395,119.5,97.1,22.4,30075,39400,349000,0.03,0,0,200,160,125,95,95,85,65,65,60,55,55,55,55,50,45,45,45,white,blue,orange,,martlet,,,,,crown
Bergen op Zoom,Noord-Brabant,51.494.576,4.287.162,93.1,80.0,13.1,66423,33600,195000,0.05,0,0,240,250,260,245,240,230,215,210,195,180,185,185,175,165,165,165,160,red,white,green,yellow,cross,mountain,,savage,savage,crown
Berkelland,Gelderland,52.115.157,6.561.501,260.5,258.7,1.8,44650,34700,205000,0.05,0,0,130,105,95,80,70,65,60,55,50,50,40,35,35,30,30,30,25,blue,brown,,,greyhound,,,lion,lion,crown
Bernheze,Noord-Brabant,51.660.272,5.501.401,90.4,89.8,0.7,29703,38500,278000,0.04,0,0,90,95,90,85,85,65,65,65,60,60,50,55,55,50,45,40,45,red,white,,,reedmace,,,,,crown
Best,Noord-Brabant,51.507.764,5.397.848,35.1,34.3,0.8,28594,39100,262000,0.04,0,0,95,105,110,110,110,110,105,100,100,105,100,95,85,80,85,90,95,yellow,black,red,,saint odulphus,,,,,crown
Beuningen,Gelderland,51.859.724,5.769.107,47.1,43.7,3.4,25254,37400,231000,0.05,1,0,80,85,85,85,80,70,70,70,65,60,60,60,70,65,60,65,55,white,black,blue,red,eagle,stronghold,lion,,,crown
Beverwijk,Noord-Holland,52.486.984,4.657.447,20.1,18.3,1.8,40052,32500,178000,0.04,2,0,130,135,125,120,125,110,120,120,135,155,150,140,150,155,170,165,155,red,white,,,lion,lily,,angel,angel,mantle and pavilion
Binnenmaas,Zuid-Holland,51.796.188,4.548.157,75.6,69.3,6.3,28682,39300,231000,0.03,0,0,105,105,100,90,90,80,80,80,70,55,45,40,40,40,40,40,40,yellow,red,black,,lily,shell,star,,,crown
Bladel,Noord-Brabant,51.362.963,5.213.639,75.6,75.4,0.3,19825,37200,272000,0.03,0,0,45,55,55,55,55,45,40,35,35,25,25,20,20,20,15,15,15,yellow,black,red,white,key,,,,,crown
Blaricum,Noord-Holland,52.272.669,5.248.080,15.6,11.1,4.5,9112,51600,536000,0.03,0,0,30,35,30,30,30,30,30,30,25,25,25,20,20,20,20,15,15,blue,green,white,,cornflower,,,,,
Bloemendaal,Noord-Holland,52.404.947,4.620.185,45.2,39.7,5.5,22077,55600,549000,0.03,0,0,85,95,95,85,65,50,45,40,35,35,30,35,35,35,30,30,30,white,black,green,,leaf,,,,,crown
Bodegraven-Reeuwijk,Zuid-Holland,52.082.326,4.746.084,88.6,75.7,13.0,32986,41200,275000,0.03,0,0,145,135,125,115,115,105,95,95,80,70,70,65,65,60,60,65,65,yellow,blue,,,spade,hat,deer,,,crown
Boekel,Noord-Brabant,51.602.879,5.674.316,34.5,34.5,0.0,10089,37300,260000,0.03,0,0,25,25,25,20,20,20,15,15,15,10,10,5,5,5,5,5,5,blue,yellow,,,church,,,,,
Borger-Odoorn,Drenthe,52.889.372,6.888.404,277.9,275.3,2.6,25633,33100,180000,0.05,0,0,60,45,35,30,20,20,15,10,10,10,15,10,10,15,10,10,10,yellow,black,,,spade,dolmen,,horse,horse,crown
Borne,Overijssel,52.300.237,6.753.726,26.2,26.0,0.2,21901,36300,207000,0.05,0,0,90,85,95,85,85,80,85,95,80,75,75,70,70,65,60,55,55,blue,yellow,,,beehive,bee,,,,crown
Borsele,Zeeland,51.447.691,3.803.318,194.5,141.7,52.8,22592,36200,209000,0.03,0,0,35,30,35,35,40,40,35,35,20,25,25,25,25,25,15,15,15,white,blue,red,,,,,,,crown
Boxmeer,Noord-Brabant,51.645.269,5.956.666,113.8,111.5,2.3,28135,37100,251000,0.04,0,0,185,155,150,140,135,115,105,100,100,90,80,75,65,70,70,65,55,red,yellow,,,goat,,,,,crown
Boxtel,Noord-Brabant,51.601.437,5.312.177,64.9,63.8,1.1,30325,35800,244000,0.04,1,0,70,75,75,80,75,85,75,75,70,70,65,65,60,60,60,55,55,red,white,yellow,,duck,,,,,saint peter
Breda,Noord-Brabant,51.571.915,4.768.323,128.7,126.0,2.6,179999,35200,221000,0.04,3,0,665,680,685,645,685,655,640,615,580,590,585,585,580,585,575,560,540,red,white,,,cross,,,lion,lion,angel
Brielle,Zuid-Holland,51.902.582,4.163.685,31.1,27.6,3.6,16306,38100,225000,0.04,0,0,65,65,65,55,55,50,40,40,40,40,40,40,40,35,35,30,25,white,red,,,,,,,centaur,crown
Bronckhorst,Gelderland,52.075.595,6.180.892,286.4,283.6,2.9,36941,36200,257000,0.04,0,0,145,135,110,90,70,60,65,55,50,50,50,50,40,45,40,40,35,white,purple,pink,,lion,crown,,,,crown
Brummen,Gelderland,52.090.167,6.158.015,85.0,84.0,1.0,21169,35600,240000,0.04,0,0,70,65,65,60,55,45,45,40,45,35,35,35,30,30,30,30,30,blue,orange,green,red,lion,branch,,,,
Brunssum,Limburg,50.948.896,5.972.166,17.3,17.2,0.1,28914,29400,133000,0.04,0,0,245,150,100,105,105,110,105,100,105,100,100,95,95,90,90,80,85,red,blue,,,cross,snake,pope,,,
Bunnik,Utrecht,52.066.528,5.200.776,37.6,37.0,0.6,14619,42600,271000,0.03,0,0,55,50,50,50,45,40,40,40,30,30,25,25,25,25,20,20,20,green,white,,,cock,ship,horse,eagle,lion,crown
Bunschoten,Utrecht,52.240.642,5.367.070,34.8,30.4,4.4,20547,39400,250000,0.03,0,0,40,60,60,60,60,65,60,50,50,40,45,40,40,35,35,35,35,blue,yellow,,,cross,eagle,,,,crown
Buren,Gelderland,51.910.389,5.334.058,142.9,134.3,8.7,25995,39500,282000,0.04,0,0,90,90,85,85,80,65,60,55,55,55,50,55,45,50,35,35,35,red,white,,,,,,lion,lion,crown
Capelle aan den IJssel,Zuid-Holland,51.938.073,4.591.778,15.4,14.3,1.2,66177,34700,176000,0.04,0,0,545,560,570,550,565,585,585,570,565,555,570,565,565,550,550,540,530,blue,white,,,fish,,,,,
Castricum,Noord-Holland,52.545.259,4.672.735,60.4,49.7,10.7,34244,40200,259000,0.03,0,0,100,90,85,75,70,60,60,60,65,65,65,60,50,55,55,50,45,blue,yellow,green,white,lion,acorn,plant,,,crown
Coevorden,Drenthe,52.661.357,6.741.062,299.7,296.5,3.2,35771,33200,191000,0.05,0,0,200,140,105,85,80,80,70,75,75,65,60,55,45,45,50,40,40,red,blue,yellow,,eagle,staff,lance,savage,savage,crown
Cranendonck,Noord-Brabant,51.286.922,5.596.695,78.1,76.5,1.6,20388,36600,241000,0.04,0,0,140,120,90,90,65,60,50,55,45,55,45,40,40,35,30,25,25,red,white,,,horn,,,,,eagle
Cromstrijen,Zuid-Holland,51.736.089,4.460.849,70.3,54.4,16.0,12748,39400,238000,0.04,0,0,50,45,55,50,40,35,35,30,15,15,15,20,20,20,15,15,15,blue,white,,,cross,wave,,,,crown
Cuijk,Noord-Brabant,51.728.927,5.879.209,57.1,51.3,5.8,24780,34200,212000,0.04,0,0,160,185,170,140,115,95,95,90,90,85,90,85,75,70,70,75,70,yellow,red,,,martlet,,,,,crown
Culemborg,Gelderland,51.956.108,5.240.045,31.1,29.4,1.7,27579,36300,220000,0.04,0,0,125,125,130,120,115,100,85,80,80,80,85,80,85,80,80,75,70,yellow,red,,,pillar,,,,,
Dalfsen,Overijssel,52.507.755,6.259.667,166.5,165.1,1.4,27655,37000,255000,0.04,0,0,70,65,65,55,40,40,35,30,25,25,25,25,25,25,25,25,20,blue,white,,,scythe,,,,,crown
Dantumadiel,Friesland,53.272.981,5.985.930,87.5,85.4,2.1,19035,31500,168000,0.05,0,0,90,70,60,40,35,25,20,15,10,15,15,15,10,10,10,10,5,white,red,yellow,green,fox,wave,,,,crown
De Bilt,Utrecht,52.109.272,5.180.968,67.1,66.3,0.8,42013,43100,338000,0.04,1,0,145,145,150,135,115,100,100,105,105,105,105,95,105,105,100,95,95,yellow,blue,black,white,grate,,,,,crown
De Fryske Marren,Friesland,52.948.003,5.791.388,559.9,361.8,198.1,51223,,,,0,0,220,165,145,105,85,70,60,50,50,55,50,50,45,40,35,30,35,blue,white,yellow,red,hare,orb and cross,,,,crown
De Marne,Groningen,53.360.934,6.380.521,240.3,168.2,72.1,10205,30500,145000,0.04,1,0,25,20,20,20,20,30,30,15,15,10,10,5,5,5,5,5,5,blue,white,yellow,,key,wave,,,,crown
De Ronde Venen,Utrecht,52.206.680,4.886.773,117.0,100.8,16.2,42648,42700,300000,0.04,0,0,105,105,105,105,95,90,90,75,75,65,65,70,75,60,60,60,60,,,,,agnus dei,key,snake,,,crown
De Wolden,Drenthe,52.681.979,6.366.039,226.4,224.8,1.6,23592,36300,252000,0.04,0,0,65,60,45,45,35,35,30,25,25,20,20,20,20,20,20,20,20,yellow,green,black,white,forest,,,,,crown
Delft,Zuid-Holland,52.011.577,4.357.068,24.1,22.8,1.2,101493,32100,181000,0.03,1,1,1080,1105,1170,1145,1110,1085,1070,1060,1040,1000,960,935,885,860,825,800,770,white,black,,,,,,lion,lion,crown
Delfzijl,Groningen,53.331.027,6.924.460,227.5,133.1,94.4,25686,30600,132000,0.05,0,0,180,135,115,105,95,95,95,75,70,60,55,55,50,50,50,50,50,yellow,blue,red,black,harpy,church,wave,lion,lion,crown
Den Helder,Noord-Holland,52.956.281,4.760.797,178.8,42.3,133.6,56553,30400,147000,0.03,0,0,340,270,270,260,235,225,195,180,180,165,170,160,160,155,145,135,135,yellow,red,black,,,,,,,crown
Deurne,Noord-Brabant,51.464.220,5.795.068,118.4,117.0,1.3,31669,36000,254000,0.04,1,0,100,95,95,85,90,85,80,75,75,75,80,70,70,75,65,65,60,black,red,yellow,,cross,,,,,saint willibrord
Deventer,Overijssel,52.266.075,6.155.217,134.3,131.2,3.1,98327,32800,191000,0.05,0,0,635,715,705,670,635,615,610,575,565,535,510,495,485,455,435,430,430,red,white,black,,eagle,,,knight,knight,crown
Diemen,Noord-Holland,52.338.993,4.959.189,14.0,12.0,2.0,25980,35200,202000,0.03,0,0,85,80,95,95,110,100,90,85,80,85,80,85,80,90,90,105,105,blue,white,black,,duck,,,,,crown
Dinkelland,Overijssel,52.407.617,6.897.260,176.8,175.8,1.1,25937,38300,248000,0.04,0,0,95,60,70,65,50,45,40,35,35,30,25,25,25,20,15,15,15,blue,white,green,,lion,cross,,,,crown
Doesburg,Gelderland,52.014.288,6.139.782,13.0,11.6,1.4,11449,32100,190000,0.05,0,0,25,25,25,25,20,15,20,25,15,15,25,30,25,25,25,20,20,white,red,yellow,,stronghold,moon,,,,crown
Doetinchem,Gelderland,51.964.699,6.293.774,79.7,79.1,0.6,56350,33200,194000,0.05,0,0,345,350,375,360,375,360,330,265,250,240,240,225,205,200,195,180,175,white,blue,yellow,,lion,flower,crown,,,crown
Dongen,Noord-Brabant,51.628.710,4.938.239,29.7,29.3,0.4,25389,35900,226000,0.04,0,0,170,175,135,120,120,120,110,105,110,85,70,75,70,65,60,55,55,red,white,,,,,,,,crown
Dongeradeel,Friesland,53.324.884,5.996.639,266.9,167.2,99.7,24183,30400,149000,0.05,0,0,205,135,110,110,105,90,80,70,60,50,45,40,30,30,30,30,25,red,white,blue,yellow,star,moon,,,,crown
Dordrecht,Zuid-Holland,51.813.298,4.690.093,99.5,79.0,20.5,118716,32600,159000,0.04,0,0,915,975,950,955,915,885,835,820,765,755,715,710,675,630,635,595,575,red,white,,,,,,griffin,griffin,crown
Drechterland,Noord-Holland,52.653.307,5.183.589,80.7,59.1,21.6,19257,37600,231000,0.03,0,0,40,40,40,45,35,25,25,20,20,20,20,15,15,15,15,15,15,white,yellow,green,,sword,flower,,,,crown
Drimmelen,Noord-Brabant,51.708.552,4.803.490,119.4,96.1,23.3,26705,38000,234000,0.04,0,0,80,80,70,65,60,60,50,45,40,40,40,40,35,35,35,30,30,white,green,blue,,,,,,,
Dronten,Flevoland,52.534.682,5.721.809,423.9,333.9,90.0,40451,34800,195000,0.04,1,0,180,130,125,125,130,115,120,110,110,105,110,105,110,110,80,80,80,green,white,,,lily,ring,pedestal,horse,horse,crown
Druten,Gelderland,51.894.084,5.594.272,42.5,37.7,4.8,18206,36200,230000,0.04,0,0,55,60,60,60,65,60,60,50,45,40,35,40,30,35,30,25,25,white,green,black,yellow,lion,,,,,crown
Duiven,Gelderland,51.947.458,6.017.950,35.2,33.9,1.3,25580,36200,210000,0.05,0,0,85,90,85,85,80,75,75,65,70,70,75,75,80,80,90,80,80,blue,white,yellow,red,dove,shield,carbuncle,,,
Echt-Susteren,Limburg,51.093.224,5.907.364,104.5,103.1,1.4,31940,34100,192000,0.04,0,0,255,185,160,130,130,130,145,135,125,115,110,105,105,105,105,100,100,red,blue,white,yellow,cross,branch,,woman,woman,crown
Edam-Volendam,Noord-Holland,52.504.541,5.045.998,24.8,16.3,8.5,28934,40600,238000,0.02,1,0,100,95,85,85,85,85,90,85,85,80,80,70,65,55,50,50,50,white,purple,red,green,bull,star,,,,bear
Ede,Gelderland,52.040.168,5.664.859,318.6,318.3,0.4,110657,36400,233000,0.03,0,0,325,330,335,310,310,315,300,270,250,245,235,230,215,215,210,215,210,yellow,blue,,,dutch maiden,liberty hat,bible,,,
Eemnes,Utrecht,52.253.746,5.261.275,33.7,31.1,2.6,8773,40100,291000,0.03,0,0,25,25,25,25,25,20,15,15,20,15,15,15,15,20,20,20,15,red,white,yellow,,bisshop,,,,,crown
Eemsmond,Groningen,53.400.344,6.648.410,543.4,189.8,353.5,15910,30700,154000,0.05,0,0,105,100,80,80,55,45,45,40,30,20,20,20,20,20,15,15,15,green,yellow,blue,white,mermaid,lily,cross,,,crown
Eersel,Noord-Brabant,51.357.808,5.315.912,83.3,82.5,0.9,18201,39500,298000,0.03,0,0,50,45,40,35,30,35,30,25,20,15,15,15,15,10,15,15,10,black,yellow,white,red,stronghold,shield,lion,,,crown
Eijsden-Margraten,Limburg,50.819.960,5.821.457,78.3,77.4,0.9,24980,38200,237000,0.04,0,0,90,95,95,85,75,55,65,60,55,45,45,50,45,40,45,40,40,black,grey,red,yellow,eagle,cross,,,,crown
Eindhoven,Noord-Brabant,51.441.642,5.469.722,88.9,87.7,1.2,220782,32000,209000,0.04,4,1,1415,1505,1450,1385,1335,1290,1190,1185,1160,1195,1195,1205,1215,1215,1200,1185,1175,red,white,,,lion,horn,,,,crown
Elburg,Gelderland,52.449.263,5.834.519,65.9,63.8,2.1,22658,35200,240000,0.04,0,0,110,115,120,105,100,95,65,65,55,55,45,40,35,35,30,35,30,blue,white,red,yellow,gatehouse,branch,,lion,lion,crown
Emmen,Drenthe,52.713.237,6.955.777,346.3,336.4,9.9,108003,30700,156000,0.06,0,0,545,510,440,420,415,380,350,350,330,325,315,305,290,285,280,275,275,white,black,green,yellow,plow,peat cutter,,horse,horse,crown
Enkhuizen,Noord-Holland,52.707.566,5.274.120,116.3,12.4,103.8,18395,32700,180000,0.04,0,0,80,65,55,45,45,40,40,35,35,30,25,25,30,20,20,15,15,red,yellow,white,black,herring,star,crown,woman,,
Enschede,Overijssel,52.221.537,6.893.662,142.7,141.0,1.7,158542,29600,155000,0.04,2,1,1330,1290,1260,1225,1175,1175,1175,1160,1145,1135,1095,1080,1060,1025,1000,975,970,white,red,,,cross,,,lion,lion,crown
Epe,Gelderland,52.345.017,5.983.654,157.4,156.3,1.1,32352,35600,266000,0.04,0,0,150,150,135,135,130,125,120,115,110,100,100,100,100,100,95,85,80,blue,yellow,,,dutch maiden,liberty hat,bible,,,
Ermelo,Gelderland,52.298.665,5.629.619,87.3,85.6,1.7,26080,36300,262000,0.03,1,0,190,170,155,155,140,130,125,130,130,125,115,105,100,90,90,85,85,blue,yellow,white,black,peacock,cross,,,,crown
Etten-Leur,Noord-Brabant,51.586.886,4.667.138,55.9,55.4,0.6,42351,35600,224000,0.05,0,0,115,125,125,145,160,155,160,145,125,125,120,120,120,115,115,100,100,red,white,,,stronghold,,,,,crown
Ferwerderadiel,Friesland,53.337.834,5.823.835,133.2,97.7,35.5,8771,31800,148000,0.04,0,0,20,20,15,10,5,5,0,0,5,5,5,5,5,0,0,0,0,yellow,blue,,,star,,,,,crown
Geertruidenberg,Noord-Brabant,51.702.366,4.849.978,29.6,26.6,3.0,21597,35600,204000,0.05,1,0,125,70,55,45,45,45,45,35,35,40,35,30,30,30,30,30,25,red,yellow,green,black,lion,spear,,,,crown
Geldermalsen,Gelderland,51.884.365,5.229.359,101.7,100.0,1.8,26339,39500,278000,0.03,1,0,105,95,95,90,70,70,65,65,65,60,55,55,55,55,50,50,45,yellow,red,blue,black,horse,lily,pillar,,,crown
Geldrop-Mierlo,Noord-Brabant,51.432.447,5.582.970,31.4,31.0,0.4,38854,35400,233000,0.04,1,0,135,145,125,125,105,100,100,100,100,90,85,80,80,85,80,80,85,yellow,blue,red,,leaf,millrind,,,,crown
Gemert-Bakel,Noord-Brabant,51.555.289,5.690.366,123.3,122.5,0.8,29354,35500,244000,0.04,0,0,65,65,75,75,70,75,70,70,60,60,65,60,45,40,40,45,45,white,red,black,yellow,eagle,cross,,,,crown
Gennep,Limburg,51.697.854,5.972.675,50.4,47.7,2.7,17285,34500,215000,0.05,0,0,125,95,70,60,45,40,40,40,35,50,45,45,55,55,45,45,45,red,yellow,,,cross,scissors,,,,crown
Giessenlanden,Zuid-Holland,51.865.735,4.924.345,65.1,63.6,1.5,14423,41700,281000,0.03,0,0,45,45,35,30,25,20,20,15,15,10,15,15,15,15,10,10,10,red,white,blue,,wave,,,,,crown
Gilze en Rijen,Noord-Brabant,51.559.855,4.909.254,65.7,65.5,0.2,26013,35700,233000,0.04,1,0,85,90,85,75,85,75,70,55,50,45,40,40,35,35,35,35,30,blue,yellow,,,saint peter,,,,,
Goeree-Overflakkee,Zuid-Holland,51.759.197,4.116.981,422.3,262.0,160.3,48233,36500,220000,0.03,0,0,145,120,110,100,95,90,75,55,40,35,35,25,20,20,20,20,20,white,green,black,blue,corn,wave,,,,crown
Goes,Zeeland,51.504.646,3.891.130,101.9,92.7,9.2,36977,33600,198000,0.04,0,0,175,175,175,160,145,155,150,140,150,155,135,135,125,125,105,110,110,red,white,,,lion,goose,,,,crown
Goirle,Noord-Brabant,51.523.677,5.064.195,42.3,42.1,0.3,23060,38100,251000,0.04,0,0,65,65,60,55,55,60,60,60,65,65,60,60,55,55,55,55,50,white,blue,yellow,red,head,,,,,
Gooise Meren,Noord-Holland,52.304.762,5.139.699,73.5,40.0,33.5,56687,,,,0,0,,,,,,,,,,,,,,,,,,yellow,black,,,eagle,buckwheat,,,,
Gorinchem,Zuid-Holland,51.837.225,4.975.829,21.9,18.9,3.0,35252,34000,194000,0.04,0,0,140,120,120,115,120,120,125,130,150,135,135,135,130,120,110,100,105,white,red,,,gatehouse,shield,,lion,lion,crown
Gouda,Zuid-Holland,52.011.521,4.710.463,18.1,16.9,1.3,70923,35000,182000,0.04,1,0,330,350,370,340,320,320,295,290,290,270,270,265,255,245,235,230,225,red,white,,,star,,,lion,lion,crown
Grave,Noord-Brabant,51.759.005,5.738.560,28.0,27.2,0.9,12696,35300,215000,0.04,0,0,125,80,65,65,75,65,60,65,55,35,30,30,15,15,15,10,10,yellow,red,,,martlet,stronghold,,,,crown
Groningen,Groningen,53.219.383,6.566.502,83.8,78.1,5.7,198108,28500,157000,0.03,3,1,1190,1130,1105,1060,995,940,880,880,875,875,855,840,850,870,885,890,860,white,green,,,eagle,heart,,lion,lion,crown
Grootegast,Groningen,53.211.132,6.274.589,87.7,86.8,1.0,12193,32500,192000,0.04,0,0,40,45,45,35,25,25,25,15,15,15,15,15,15,10,10,5,5,red,white,yellow,,stronghold,,,,,crown
Gulpen-Wittem,Limburg,50.800.934,5.897.288,73.4,73.2,0.2,14492,35200,204000,0.04,0,0,110,90,75,55,45,35,30,30,30,35,25,20,20,25,25,25,25,white,blue,,,lion,eagle,cross,,,crown
Haaksbergen,Overijssel,52.160.665,6.738.100,105.5,104.9,0.6,24357,35600,215000,0.05,0,0,80,90,85,80,65,65,60,60,60,60,55,50,50,50,50,45,45,red,blue,yellow,,star,,,,,crown
Haaren,Noord-Brabant,51.602.133,5.226.712,58.6,57.7,0.8,13578,40800,332000,0.03,0,0,25,25,15,20,20,25,25,25,20,20,20,25,20,20,20,20,15,blue,white,,,tree,millrind,,,,crown
Haarlem,Noord-Holland,52.387.388,4.646.219,32.1,29.2,2.9,155205,34300,229000,0.04,0,0,700,705,700,680,705,680,665,630,620,610,605,605,605,580,590,575,555,red,white,yellow,,sword,star,cross,lion,lion,crown
Haarlemmerliede en Spaarnwoude,Noord-Holland,52.414.352,4.692.848,21.2,19.2,2.0,5547,40300,267000,0.03,0,0,20,20,20,15,15,15,15,15,15,15,15,15,15,15,15,15,15,white,blue,red,,lion,,,,,crown
Haarlemmermeer,Noord-Holland,52.300.378,4.674.359,185.3,178.7,6.6,144166,39700,248000,0.04,0,0,265,270,290,275,310,310,315,355,375,370,370,380,380,380,380,375,375,blue,white,yellow,,corn,wave,,,,crown
Halderberge,Noord-Brabant,51.586.263,4.513.956,75.2,74.6,0.7,29379,36200,232000,0.05,0,0,205,150,140,120,95,85,85,80,75,70,65,65,65,60,60,60,60,green,white,red,,stronghold,tree,duck,,,crown
Hardenberg,Overijssel,52.575.408,6.616.695,317.1,312.5,4.7,59592,34000,197000,0.05,0,0,225,195,170,155,145,130,115,115,100,95,95,85,85,80,75,75,75,yellow,blue,red,,trefoil,wave,,,,crown
Harderwijk,Gelderland,52.342.202,5.636.742,48.3,38.6,9.7,45741,34800,215000,0.04,0,0,250,240,245,235,225,205,195,185,175,190,180,175,180,180,175,170,165,yellow,blue,,,lion,,,lion,lion,crown
Hardinxveld-Giessendam,Zuid-Holland,51.832.430,4.833.641,19.4,16.9,2.4,17736,37500,225000,0.03,0,0,55,50,55,55,50,50,50,50,45,35,30,30,30,30,30,30,25,white,red,black,blue,water wheel,raven,,,,crown
Haren,Groningen,53.171.826,6.605.243,50.7,45.6,5.2,18790,41300,261000,0.03,0,0,35,45,45,50,40,45,40,30,30,35,30,30,20,20,20,15,15,white,blue,yellow,red,bell,eagle,,,,crown
Harlingen,Friesland,53.174.638,5.425.152,387.7,25.0,362.6,15810,30100,153000,0.05,0,0,210,145,100,70,70,75,45,30,30,30,30,30,30,30,25,25,25,yellow,blue,red,white,lily,cross,,saint michael,,crown
Hattem,Gelderland,52.473.931,6.068.176,24.2,23.1,1.1,11742,37700,253000,0.04,0,0,60,60,55,55,55,55,55,45,45,40,40,40,40,30,30,25,25,blue,yellow,,,lion,crown,,lion,lion,crown
Heemskerk,Noord-Holland,52.514.146,4.682.137,31.7,27.3,4.4,39092,35600,212000,0.03,0,0,150,155,155,185,180,175,155,150,140,150,160,170,165,165,150,155,150,blue,white,,,lion,,,,,
Heemstede,Noord-Holland,52.351.063,4.620.300,9.6,9.2,0.4,26320,47600,370000,0.03,0,0,70,75,70,65,65,60,60,60,50,45,50,45,40,40,40,35,35,yellow,red,,,duck,,,griffin,griffin,crown
Heerde,Gelderland,52.390.918,6.049.638,80.4,78.8,1.7,18515,36200,254000,0.04,0,0,80,75,50,50,50,55,40,35,30,25,25,20,20,25,25,20,20,yellow,red,blue,white,sheep,ox,plow,,,
Heerenveen,Friesland,52.960.561,5.920.522,187.8,180.9,6.9,49388,32600,183000,0.05,0,0,290,250,240,235,230,195,180,160,160,160,145,145,140,130,125,135,130,white,black,blue,red,wheel,sword,tree,,,crown
Heerhugowaard,Noord-Holland,52.662.677,4.832.477,40.0,38.4,1.6,53246,35300,203000,0.03,0,0,105,120,125,120,130,130,145,155,160,165,165,160,160,155,160,160,165,yellow,white,blue,,corn,heron,,,,
Heerlen,Limburg,50.888.174,5.979.499,45.5,45.0,0.5,88202,28200,123000,0.05,0,0,745,695,665,565,565,545,550,535,520,495,495,480,465,455,450,435,420,blue,yellow,,,lion,crown,,,,crown
Heeze-Leende,Noord-Brabant,51.360.442,5.598.460,105.0,104.0,1.0,15376,40200,312000,0.03,0,0,60,60,65,70,70,60,60,55,40,40,40,35,35,35,30,30,30,yellow,red,green,,horn,,,,,oak
Heiloo,Noord-Holland,52.601.234,4.700.493,19.0,18.7,0.3,22626,40200,288000,0.03,0,0,70,80,80,75,75,75,70,60,65,65,60,60,65,55,50,50,45,white,yellow,red,grey,cross,,,griffin,lion,crown
Hellendoorn,Overijssel,52.376.905,6.459.724,139.0,138.1,0.9,35697,34700,224000,0.05,0,0,105,110,95,95,80,80,70,65,65,70,65,60,55,50,50,45,45,blue,yellow,red,green,deer,tree,,,,crown
Hellevoetsluis,Zuid-Holland,51.831.863,4.131.810,46.3,31.6,14.7,38918,36500,195000,0.04,0,0,260,230,190,170,175,170,160,135,140,145,145,135,120,115,110,110,105,blue,red,green,,ship,agnus dei,horn,,,crown
Helmond,Noord-Brabant,51.479.255,5.657.010,54.8,53.2,1.5,89346,32900,206000,0.05,1,0,460,415,355,315,315,295,270,260,260,255,260,250,250,255,245,240,235,white,red,,,helmet,,,,,crown
Hendrik-Ido-Ambacht,Zuid-Holland,51.842.397,4.639.506,11.9,10.7,1.2,28952,39100,215000,0.03,0,0,85,85,90,85,95,80,60,70,60,55,65,65,65,65,70,70,70,white,red,black,,cross,,,lion,lion,crown
Hengelo,Overijssel,52.257.412,6.792.772,61.8,60.9,0.9,80975,32200,168000,0.05,2,0,580,565,565,540,550,560,545,520,495,475,460,455,445,455,440,430,440,blue,white,,,beehive,corn,bee,,,
Heumen,Gelderland,51.764.532,5.843.150,41.5,39.9,1.7,16342,40000,273000,0.04,0,0,45,50,40,35,35,40,40,45,50,50,45,40,40,40,40,40,40,blue,yellow,,,staff,lily,ermine,,,crown
Heusden,Noord-Brabant,51.733.004,5.138.279,81.2,78.9,2.4,43180,37200,266000,0.04,0,0,165,175,195,205,200,190,180,160,155,145,140,135,125,115,110,105,110,yellow,blue,red,,wheel,,,lion,lion,crown
Hillegom,Zuid-Holland,52.295.626,4.579.176,13.5,12.9,0.6,20987,36000,227000,0.04,0,0,100,100,100,90,90,90,80,70,70,70,65,50,50,55,45,50,45,yellow,green,red,,lily,,,,,
Hilvarenbeek,Noord-Brabant,51.465.175,5.151.090,96.5,94.9,1.6,15082,39400,294000,0.03,0,0,45,45,45,45,40,40,40,35,25,25,25,25,25,20,20,20,20,yellow,blue,white,black,lion,key,ring,,,crown
Hilversum,Noord-Holland,52.229.170,5.166.897,46.4,45.6,0.7,86574,36400,253000,0.04,2,0,310,365,360,355,325,330,320,315,305,295,290,290,280,270,275,270,275,blue,yellow,,,buckwheat,,,,,
Hof van Twente,Overijssel,52.241.427,6.591.555,215.4,212.8,2.6,34987,36300,229000,0.05,1,0,400,260,210,145,140,105,90,80,65,55,45,45,45,40,40,40,40,yellow,green,white,,tree,cross,flower,,,crown
Hollands Kroon,Noord-Holland,52.811.859,5.001.190,662.2,358.1,304.1,47501,34900,206000,0.03,0,0,105,125,115,105,90,90,80,80,65,60,55,50,50,40,40,35,35,grey,red,blue,green,lion,crown,,,,crown
Hoogeveen,Drenthe,52.728.616,6.490.100,129.3,127.7,1.6,54680,31200,164000,0.05,0,0,360,315,310,290,260,235,220,210,190,175,160,165,165,155,140,145,140,,,,,haystack,bee,beehive,,,crown
Hoorn,Noord-Holland,52.642.365,5.060.212,53.3,20.3,33.0,71741,33800,186000,0.04,0,0,215,225,230,240,245,250,240,250,250,270,270,275,280,270,255,245,245,red,white,,,horn,,,,,unicorn
Horst aan de Maas,Limburg,51.423.226,6.030.317,191.9,188.6,3.3,41718,36600,237000,0.05,0,0,175,175,160,145,145,135,130,130,115,120,120,100,95,85,80,80,75,yellow,black,red,white,flower,,,,,crown
Houten,Utrecht,52.002.991,5.185.760,59.0,55.4,3.6,48427,42900,261000,0.04,0,0,110,115,125,135,130,120,115,105,105,110,105,105,100,105,110,95,90,white,red,blue,,,,,,,crown
Huizen,Noord-Holland,52.299.465,5.243.393,23.3,15.8,7.5,41239,38900,268000,0.04,0,0,200,195,195,190,185,195,180,165,155,155,150,145,145,135,130,135,125,yellow,red,,,milkwoman,,,,,
Hulst,Zeeland,51.280.691,4.054.887,251.8,201.4,50.4,27402,34300,182000,0.04,0,0,85,70,55,45,35,35,40,40,40,40,35,30,30,30,25,30,25,yellow,black,,,lion,leaf,,,,crown
IJsselstein,Utrecht,52.017.765,5.040.300,21.7,21.2,0.5,34268,39300,234000,0.04,0,0,90,105,100,110,110,100,100,110,105,110,110,100,100,100,100,100,95,yellow,black,,,cross,,,,,crown
Kaag en Braassem,Zuid-Holland,52.204.135,4.631.315,72.2,63.4,8.9,25758,39900,267000,0.03,0,0,75,80,75,60,55,50,45,35,30,35,40,35,35,35,30,30,30,white,green,purple,,lion,moon,crown,,,crown
Kampen,Overijssel,52.557.964,5.914.462,161.8,142.6,19.2,51069,33200,197000,0.04,0,0,290,285,270,240,210,200,185,175,165,155,145,140,140,125,120,120,115,white,black,,,stronghold,,,lion,lion,crown
Kapelle,Zeeland,51.484.755,3.959.631,49.6,37.1,12.5,12508,37800,220000,0.03,0,0,30,30,25,15,15,20,15,20,20,20,20,20,15,15,15,10,10,white,yellow,red,blue,church,cross,boar,,,crown
Katwijk,Zuid-Holland,52.198.020,4.419.943,31.1,24.5,6.6,62825,36500,249000,0.03,0,0,280,290,295,290,265,250,235,230,210,210,210,215,205,200,180,175,175,white,blue,yellow,red,tower,cross,,,,crown
Kerkrade,Limburg,50.865.946,6.070.549,22.1,21.9,0.2,46773,28500,130000,0.04,0,0,305,295,290,275,270,255,250,240,230,230,230,230,215,215,205,200,195,red,white,,,saint lambert,lion,shield,,,
Koggenland,Noord-Holland,52.652.196,4.942.015,84.1,80.5,3.6,22473,37200,232000,0.03,0,0,50,45,45,45,45,40,25,30,20,15,15,15,15,15,15,15,15,yellow,blue,white,,ship,moon,,,lion,crown
Kollumerland en Nieuwkruisland,Friesland,53.305.888,6.189.109,116.4,109.8,6.6,12856,31100,167000,0.05,0,0,85,60,45,25,15,10,0,0,0,0,0,0,0,0,0,0,0,white,red,yellow,green,star,,,,,crown
Korendijk,Zuid-Holland,51.810.961,4.342.386,100.5,77.3,23.2,10693,39000,236000,0.03,0,0,45,40,45,45,35,30,25,15,10,10,10,10,5,5,5,5,5,blue,white,yellow,green,corn,,,lion,lion,crown
Krimpen aan den IJssel,Zuid-Holland,51.914.353,4.596.233,9.0,7.8,1.2,28814,37700,218000,0.03,0,0,210,195,190,190,195,175,165,175,170,165,160,155,150,135,135,120,115,green,yellow,,,moon,,,,,
Krimpenerwaard,Zuid-Holland,51.982.222,4.781.667,161.3,161.3,0.0,54287,,,,0,0,215,210,195,185,180,180,170,145,140,140,130,120,115,115,110,105,95,green,yellow,,,lion,tower,star,,,crown
Laarbeek,Noord-Brabant,51.538.447,5.621.273,56.2,55.4,0.8,21815,36100,253000,0.04,0,0,60,70,90,80,65,60,45,50,45,40,35,35,35,35,30,30,25,blue,green,red,white,millrind,wave,cross,,,crown
Landerd,Noord-Brabant,51.726.775,5.659.492,70.7,70.4,0.3,15262,38500,267000,0.04,0,0,20,20,20,25,25,25,20,20,15,15,15,15,15,15,10,10,10,white,red,green,,martlet,flower,,,,crown
Landgraaf,Limburg,50.892.765,6.022.408,24.7,24.6,0.1,37530,31400,150000,0.04,0,0,155,175,140,140,135,135,120,120,115,100,100,105,100,95,95,100,100,yellow,blue,red,black,staff,lion,lily,,,crown
Landsmeer,Noord-Holland,52.440.338,4.920.923,26.5,22.6,3.9,10457,41700,280000,0.03,0,0,40,45,40,40,40,35,30,30,30,35,35,35,35,35,35,35,35,red,white,black,,goose,arrow,,,,
Langedijk,Noord-Holland,52.686.711,4.783.899,27.0,24.0,3.0,26984,38300,257000,0.03,1,0,45,45,45,45,35,35,30,30,25,25,25,30,25,25,25,30,35,yellow,red,black,,lion,,,,,crown
Lansingerland,Zuid-Holland,51.998.714,4.516.263,56.4,54.3,2.1,57188,43900,268000,0.03,1,0,135,135,135,145,145,145,140,140,135,130,130,130,135,135,145,135,125,yellow,white,green,red,star,diamond,,,,crown
Laren,Noord-Holland,52.256.817,5.224.155,12.4,12.4,0.0,10846,50800,541000,0.03,1,0,245,105,80,60,55,40,20,20,15,20,15,15,15,20,15,15,15,blue,yellow,,,letter,,,,,
Leek,Groningen,53.161.611,6.390.616,64.3,63.3,1.0,19607,32800,183000,0.05,0,0,55,40,35,35,35,35,30,35,30,30,30,30,30,30,35,30,35,green,white,black,,knight,horse,,,,crown
Leerdam,Zuid-Holland,51.894.313,5.096.927,34.4,33.8,0.6,20586,34600,211000,0.04,0,0,65,75,80,70,65,65,65,60,55,50,55,45,45,50,45,45,40,yellow,red,,,gatehouse,,,lion,lion,crown
Leeuwarden,Friesland,53.201.233,5.799.913,167.0,151.7,15.3,108113,28700,135000,0.05,2,0,1050,1010,965,915,845,790,750,700,695,655,630,630,615,595,570,540,540,blue,yellow,,,lion,,,,,crown
Leiden,Zuid-Holland,52.160.114,4.497.010,23.3,22.0,1.3,121199,34000,210000,0.03,1,1,810,870,885,895,885,840,805,800,785,740,735,720,705,700,675,640,620,red,white,,,key,,,,,lion
Leiderdorp,Zuid-Holland,52.150.985,4.528.173,12.3,11.6,0.7,26788,39100,239000,0.03,0,0,110,130,140,120,110,115,115,105,100,110,115,125,130,130,135,135,135,white,red,blue,,ket,wave,,,,
Leidschendam-Voorburg,Zuid-Holland,52.087.731,4.399.385,35.6,32.7,2.9,73392,37100,232000,0.03,2,0,575,650,715,695,660,630,610,565,560,545,545,515,515,500,500,505,495,white,blue,red,black,tower,wave,moon,,,crown
Lelystad,Flevoland,52.518.537,5.471.422,765.5,231.5,533.9,76170,32500,165000,0.05,1,0,355,370,390,375,355,355,350,340,340,345,340,335,335,310,300,305,305,yellow,blue,white,,lily,shield,,morse,morse,crown
Leudal,Limburg,51.261.966,5.890.997,164.9,162.8,2.1,36213,36500,213000,0.04,0,0,310,240,190,150,135,125,110,105,75,65,55,50,45,45,45,45,40,yellow,red,blue,,horn,staff,,,,crown
Leusden,Utrecht,52.131.793,5.429.469,58.9,58.6,0.3,28967,41000,267000,0.04,0,0,280,205,180,155,150,150,160,150,140,125,115,85,80,80,80,80,80,green,red,black,white,leaf,lily,cross,,,crown
Lingewaal,Gelderland,51.838.089,5.076.384,54.5,50.4,4.1,11059,39000,267000,0.04,0,0,35,40,35,40,40,35,20,25,15,15,10,10,10,10,10,10,10,white,yellow,red,grey,martlet,gatehouse,,lion,lion,crown
Lingewaard,Gelderland,51.903.891,5.935.221,69.1,62.2,6.9,45814,36000,231000,0.05,0,0,175,160,165,150,135,135,120,110,105,100,100,100,90,90,80,80,85,white,blue,yellow,pink,swan,stronghold,,,,crown
Lisse,Zuid-Holland,52.257.930,4.557.483,16.1,15.7,0.4,22376,36600,251000,0.04,0,0,80,80,85,75,75,65,65,65,65,60,65,65,60,65,65,65,65,yellow,blue,,,lion,,,,,
Lochem,Gelderland,52.158.665,6.409.816,215.9,213.2,2.7,33268,38500,282000,0.05,0,0,100,90,85,75,75,65,60,55,50,60,60,60,60,50,50,50,45,yellow,blue,,,lion,tower,flower,,,crown
Loon op Zand,Noord-Brabant,51.627.014,5.072.009,50.7,50.2,0.6,23104,36600,242000,0.05,0,0,45,45,45,45,45,50,45,40,45,45,50,45,45,40,40,30,30,white,yellow,black,red,horn,hammer,,,,
Lopik,Utrecht,51.974.861,4.945.148,79.0,75.8,3.2,14000,39500,267000,0.03,0,0,25,25,35,25,25,20,15,10,10,10,10,10,10,10,10,10,10,yellow,blue,red,white,crown,,,,,
Loppersum,Groningen,53.332.175,6.747.987,112.0,111.0,1.0,10181,32400,153000,0.04,0,0,40,35,30,25,25,10,10,15,10,15,10,10,10,15,10,10,5,red,white,yellow,,eagle,key,lance,,,crown
Losser,Overijssel,52.262.852,7.005.785,99.6,99.8,0.8,22619,34100,206000,0.05,0,0,75,80,75,70,65,55,60,55,50,50,55,55,55,60,55,50,50,white,red,,,cross,bisshop,,,,
Maasdriel,Gelderland,51.768.907,5.323.304,75.5,66.0,9.4,24197,37600,266000,0.04,0,0,80,80,75,55,50,45,40,30,35,30,35,35,35,30,30,25,25,blue,red,white,yellow,church,moon,parrot,,,crown
Maasgouw,Limburg,51.167.805,5.884.140,58.0,45.8,12.2,23888,35100,202000,0.04,0,0,65,70,65,65,65,65,50,40,45,50,40,40,40,45,40,45,40,blue,white,yellow,,sword,staff,,,,crown
Maassluis,Zuid-Holland,51.922.607,4.254.566,10.1,8.5,1.6,32097,34200,187000,0.04,0,0,240,215,200,185,185,200,175,175,165,160,155,150,150,145,145,140,135,blue,white,,,lable,wave,,,,sword
Maastricht,Limburg,50.851.368,5.690.973,60.0,56.8,3.2,122331,30400,178000,0.03,2,1,740,790,780,790,835,825,785,730,730,720,695,690,705,695,700,680,660,red,white,,,star,,,,,angel
Marum,Groningen,53.146.252,6.267.326,64.9,64.5,0.4,10350,34200,215000,0.04,0,0,30,35,20,25,20,10,10,5,5,10,10,5,5,10,5,5,5,white,green,red,,mountain,corn,trefoil,,,crown
Medemblik,Noord-Holland,52.767.447,5.106.918,257.6,121.8,135.8,43331,35600,219000,0.04,1,0,155,135,125,130,115,105,100,70,60,50,55,45,45,45,45,45,45,yellow,black,blue,,,,,lion,lion,crown
Meerssen,Limburg,50.884.943,5.752.637,27.6,27.1,0.5,19259,35600,226000,0.04,0,0,75,75,90,90,100,95,80,75,75,65,60,60,60,55,45,45,40,yellow,blue,black,,eagle,lily,,,,
Meierijstad,Noord-Brabant,51.613.704,5.548.213,185.5,184.1,1.4,,,,,1,0,,,,,,,,,,,,,,,,,,,,,,cross,moon,stronghold,,,crown
Meppel,Drenthe,52.692.123,6.193.719,57.0,55.7,1.3,32875,32700,190000,0.05,0,0,120,115,115,120,120,100,100,100,95,90,90,85,80,75,70,70,75,white,green,red,black,trefoil,,,,,crown
Middelburg,Zeeland,51.498.796,3.610.998,53.0,48.5,4.5,47660,33000,177000,0.04,1,0,435,355,310,275,285,255,230,225,215,200,195,190,185,180,185,180,185,red,yellow,,,tower,,,,,eagle
Midden-Delfland,Zuid-Holland,51.954.201,4.288.310,49.4,47.4,2.0,18449,42700,280000,0.03,0,0,30,25,25,25,20,20,15,15,20,25,25,25,25,25,20,20,20,blue,green,white,yellow,,,,,,
Midden-Drenthe,Drenthe,52.861.104,6.512.304,345.9,341.0,4.9,33368,34600,202000,0.04,0,0,380,250,125,100,90,85,80,75,70,65,65,65,60,60,65,60,55,green,yellow,,,lily,cross,eagle,horse,horse,crown
Midden-Groningen,Groningen,53.214.825,6.503.424,,,,,,,,0,0,,,,,,,,,,,,,,,,,,purple,white,,,sea dragon,wheel,bush,,,crown
Mill en Sint Hubert,Noord-Brabant,51.679.806,5.755.381,53.2,52.3,0.9,10843,36300,256000,0.04,0,0,45,35,30,30,25,20,25,25,20,20,20,15,15,15,10,10,10,yellow,black,blue,,saint willibrord,,,,,
Moerdijk,Noord-Brabant,51.660.156,4.513.072,184.0,159.2,24.8,36775,36600,215000,0.04,1,0,135,180,135,85,75,70,65,65,60,60,60,55,55,55,60,50,50,black,yellow,white,green,cross,diamond,,,,crown
Molenwaard,Zuid-Holland,51.892.130,4.798.340,126.5,118.3,8.2,29043,40300,245000,0.02,0,0,80,80,80,85,75,60,50,40,40,35,35,25,25,25,20,15,15,white,orange,blue,,mill,reedmace,,,,crown
Montferland,Gelderland,51.919.617,6.246.311,106.6,105.7,1.0,34985,34100,208000,0.05,0,0,170,165,150,155,140,135,120,100,90,85,85,85,70,60,60,55,60,white,green,blue,black,lion,,,,,crown
Montfoort,Utrecht,52.036.213,4.951.859,38.2,37.7,0.5,13639,41200,264000,0.03,0,0,30,30,35,35,40,40,35,25,25,20,15,15,10,10,10,10,10,grey,black,red,,stronghold,millrind,,lion,lion,crown
Mook en Middelaar,Limburg,51.751.230,5.881.630,18.8,17.4,1.4,7783,40400,276000,0.04,0,0,45,35,45,40,40,35,30,30,25,20,20,20,15,20,20,20,20,red,blue,yellow,white,saint lambert,saint antony,lion,,,crown
Neder-Betuwe,Gelderland,51.930.937,5.574.103,68.2,60.6,7.5,22591,37300,220000,0.03,0,0,65,60,60,40,40,40,30,30,30,35,30,35,30,25,20,15,15,blue,white,yellow,red,lion,wolf,,,,crown
Nederweert,Limburg,51.286.563,5.752.701,101.8,100.2,1.6,16773,36100,237000,0.04,0,0,55,45,45,50,30,25,20,20,20,15,15,15,15,15,15,15,15,blue,green,white,,wave,,,,,crown
Neerijnen,Gelderland,51.831.902,5.279.356,72.9,66.0,6.9,12022,39900,271000,0.03,0,0,45,40,40,35,25,25,25,20,20,15,15,15,10,10,10,10,5,red,white,blue,,lion,salmon,,,,crown
Nieuwegein,Utrecht,52.024.821,5.091.819,25.7,23.7,2.0,61017,35200,206000,0.04,0,0,265,280,295,310,285,270,275,270,260,295,285,295,290,290,290,290,290,red,blue,white,,tower,wave,,,,
Nieuwkoop,Zuid-Holland,52.150.056,4.777.359,91.2,78.9,12.3,27114,38800,271000,0.03,0,0,95,85,80,85,75,55,50,45,35,35,30,30,25,25,25,20,20,red,yellow,black,,wheel,eagle,fox,,,crown
Nijkerk,Gelderland,52.222.484,5.483.563,72.1,69.5,2.6,40600,37800,263000,0.04,0,0,170,150,145,140,140,140,130,120,115,110,105,105,100,95,95,90,85,blue,yellow,white,red,lion,lily,cross,,,crown
Nijmegen,Gelderland,51.812.563,5.837.226,57.6,53.6,4.0,168499,30900,191000,0.04,0,1,1210,1250,1280,1265,1270,1215,1205,1155,1140,1145,1130,1105,1105,1115,1105,1105,1085,black,red,,,lion,eagle,,,,crown
Nissewaard,Zuid-Holland,51.848.034,4.328.748,98.7,82.3,16.5,85083,,,,0,0,295,295,295,305,300,300,305,310,310,305,285,275,275,275,280,280,265,white,green,blue,,lion,cross,wave,,,crown
Noord-Beveland,Zeeland,51.570.283,3.771.484,121.5,85.8,35.7,7508,32900,199000,0.05,0,0,30,25,25,25,25,25,25,20,15,15,10,5,5,5,5,5,5,white,red,yellow,black,star,wave,diamond,,,crown
Noordenveld,Drenthe,53.095.093,6.445.541,205.3,201.0,4.3,31110,34800,215000,0.04,0,0,110,105,85,85,85,70,55,40,30,25,25,25,30,30,30,25,20,green,yellow,black,white,trefoil,,,,,crown
Noordoostpolder,Flevoland,52.692.622,5.737.842,595.4,460.3,135.1,46372,32900,176000,0.04,2,0,125,115,115,115,130,125,120,120,105,85,80,80,80,75,80,75,75,white,blue,red,black,lily,stronghold,,,,crown
Noordwijk,Zuid-Holland,52.239.989,4.450.009,51.5,35.5,16.0,25689,38300,328000,0.04,0,0,100,90,85,85,90,85,80,80,80,80,80,75,75,70,75,70,70,white,black,,,lion,,,,,
Noordwijkerhout,Zuid-Holland,52.260.194,4.495.584,23.4,22.6,0.8,15982,36600,266000,0.03,0,0,55,55,50,55,50,45,45,40,35,35,35,40,35,40,45,45,45,blue,yellow,,,lion,,,,,crown
"Nuenen, Gerwen en Nederwetten",Noord-Brabant,51.478.251,5.556.858,33.9,33.7,0.2,22596,41000,298000,0.04,0,0,40,45,60,65,65,70,70,70,65,60,60,60,55,55,55,50,45,red,white,black,yellow,lion,star,rose,,,crown
Nunspeet,Gelderland,52.374.772,5.769.895,129.5,128.8,0.7,26707,36600,261000,0.03,0,0,115,115,115,110,105,100,85,70,65,65,60,65,60,60,55,55,50,yellow,black,white,,deer,,,,,crown
Nuth,Limburg,50.911.427,5.892.596,33.1,33.1,0.0,15577,35900,198000,0.04,0,0,285,205,125,90,45,40,40,40,35,35,35,30,30,30,35,35,30,red,white,yellow,,lion,martlet,,,,crown
Oegstgeest,Zuid-Holland,52.186.226,4.474.810,8.0,7.3,0.7,22855,45500,320000,0.03,0,0,180,165,95,75,70,65,70,70,70,60,55,55,50,45,40,50,45,yellow,red,,,cross,,,,,crown
Oirschot,Noord-Brabant,51.504.448,5.308.463,102.8,101.8,1.1,17989,39800,312000,0.04,0,0,55,50,50,45,50,50,45,45,40,40,40,35,30,30,30,30,30,blue,white,green,,lion,oak,bass,,,crown
Oisterwijk,Noord-Brabant,51.565.424,5.203.028,65.1,63.9,1.2,25835,38200,317000,0.03,0,0,100,90,75,80,85,90,95,85,80,65,60,55,55,50,50,50,50,white,red,,,stronghold,,,,,
Oldambt,Groningen,53.203.691,7.052.970,295.9,227.8,68.2,38558,29300,133000,0.05,0,0,485,350,275,225,175,150,145,135,120,105,90,90,75,70,60,60,60,blue,yellow,white,red,star,wave,,,,crown
Oldebroek,Gelderland,52.447.445,5.898.317,98.8,97.7,1.2,22824,35500,235000,0.04,0,0,115,105,95,95,85,80,70,70,60,50,50,45,45,45,40,30,30,blue,yellow,green,white,leaf,,,,,
Oldenzaal,Overijssel,52.311.655,6.926.828,22.0,21.6,0.4,32152,34000,201000,0.05,0,0,125,130,130,125,130,125,125,135,130,125,120,120,115,120,120,125,125,blue,yellow,,,cross,bisshop,,,,crown
Olst-Wijhe,Overijssel,52.351.896,6.127.076,118.4,114.1,4.3,17760,35500,227000,0.04,0,0,55,55,45,35,30,25,25,20,10,15,20,15,20,20,20,15,15,green,blue,,,haystack,tree,dove,,,crown
Ommen,Overijssel,52.506.652,6.435.289,182.0,180.0,2.0,17370,35000,242000,0.05,0,0,65,40,40,40,35,35,25,20,20,15,15,5,5,5,5,5,5,yellow,blue,white,,maiden,lion,star,,,crown
Onderbanken,Limburg,50.969.852,5.965.396,21.2,21.2,0.1,7882,32900,168000,0.04,0,0,30,35,35,35,35,40,35,35,30,25,25,25,25,25,20,20,20,white,green,black,,lion,sword,snake,,,crown
Oost Gelre,Gelderland,51.990.117,6.567.068,110.1,109.7,0.5,29648,35100,198000,0.05,0,0,145,115,110,105,80,75,60,55,60,60,55,50,45,50,45,40,45,purple,white,,,stronghold,lion,,,,
Oosterhout,Noord-Brabant,51.641.020,4.861.690,73.1,71.5,1.6,53733,35800,225000,0.05,1,0,135,125,115,125,125,125,125,125,135,140,140,140,125,125,120,120,125,white,black,,,moon,,,lion,lion,crown
Ooststellingwerf,Friesland,52.988.319,6.270.427,226.1,224.2,2.0,25672,31400,180000,0.05,0,0,80,65,45,35,45,40,30,20,20,20,20,20,20,20,25,25,25,red,white,,,,,,,,
Oostzaan,Noord-Holland,52.440.497,4.875.722,16.1,11.5,4.6,9154,39300,265000,0.03,0,0,35,40,35,35,35,35,30,25,20,20,20,20,15,15,10,10,10,yellow,blue,black,green,trident,,,,,crown
Opmeer,Noord-Holland,52.705.379,4.942.667,41.9,41.6,0.4,11374,36700,233000,0.03,1,0,20,20,20,15,15,10,10,10,15,15,10,10,5,5,5,5,5,yellow,red,blue,,lion,corn,tree,eagle,lion,crown
Opsterland,Friesland,53.039.542,6.115.320,227.6,224.6,3.0,29894,33800,191000,0.05,0,0,145,115,115,90,70,65,60,50,55,50,50,50,45,40,35,35,35,white,red,green,,tree,hare,,,,crown
Oss,Noord-Brabant,51.761.180,5.514.048,159.9,152.4,7.5,85039,34900,213000,0.04,0,0,305,335,335,325,325,315,300,280,270,265,255,260,255,255,250,250,235,white,red,yellow,blue,ox,,,,,crown
Oud-Beijerland,Zuid-Holland,51.818.930,4.427.236,19.6,18.8,0.9,23727,39400,227000,0.03,0,0,50,55,55,45,50,50,55,65,60,65,60,60,60,55,55,55,55,blue,white,yellow,red,,,,,,crown
Oude IJsselstreek,Gelderland,51.911.046,6.405.564,137.9,136.4,1.5,39614,32500,198000,0.05,0,0,160,140,130,110,105,105,105,95,90,85,85,80,80,80,75,70,70,white,purple,green,,lion,wave,ring,,,crown
Ouder-Amstel,Noord-Holland,52.285.929,4.913.383,25.8,24.1,1.7,13255,43200,294000,0.03,0,0,85,80,80,80,70,70,70,70,70,75,75,70,70,65,65,65,65,red,black,white,,cross,,,,,crown
Oudewater,Utrecht,52.024.163,4.868.417,40.1,39.1,1.0,9868,39600,283000,0.03,0,0,10,10,5,0,0,0,0,5,5,5,5,10,5,10,10,5,10,red,white,,,stronghold,lion,,lion,lion,crown
Overbetuwe,Gelderland,51.932.775,5.781.465,115.1,109.4,5.7,46653,37300,235000,0.04,0,0,145,150,140,135,140,135,130,125,115,110,110,125,120,115,115,110,105,yellow,blue,white,red,stronghold,boat,coffin,,,crown
Papendrecht,Zuid-Holland,51.842.481,4.694.183,10.8,9.5,1.3,32140,36500,190000,0.04,0,0,80,90,95,115,100,110,125,115,110,110,110,110,110,110,105,100,95,blue,yellow,,,mill,,,,,
Peel en Maas,Limburg,51.339.919,6.012.298,161.4,159.4,1.9,43298,36200,229000,0.05,0,0,170,170,155,140,135,125,125,115,110,100,85,90,90,85,90,85,85,white,black,red,,diamond,cross,,,,crown
Pekela,Groningen,53.085.241,6.977.881,50.2,49.1,1.1,12733,28400,132000,0.05,0,0,30,30,25,30,35,30,30,30,20,20,15,15,5,0,5,0,0,white,red,black,blue,ship,bell,trefoil,,,crown
Pijnacker-Nootdorp,Zuid-Holland,52.012.698,4.427.355,38.6,37.4,1.3,51068,42300,268000,0.03,0,0,85,90,80,80,75,75,80,100,105,120,135,140,140,140,145,135,135,blue,yellow,,,snake,,,,,crown
Purmerend,Noord-Holland,52.514.381,4.964.061,24.6,23.4,1.2,79552,34400,189000,0.04,0,0,295,305,315,360,365,370,370,365,355,365,365,370,370,375,365,370,365,yellow,black,red,,,,,lion,lion,crown
Putten,Gelderland,52.245.301,5.568.482,87.4,85.1,2.3,24044,37900,292000,0.03,0,0,125,125,135,130,130,130,120,110,95,90,85,80,80,80,80,75,80,yellow,blue,,,deer,,,,,
Raalte,Overijssel,52.380.903,6.278.318,172.3,171.1,1.2,36526,36000,238000,0.04,0,0,190,175,175,170,170,155,135,125,105,100,95,90,80,70,65,65,55,yellow,black,white,,corn,trefoil,cross,,,corn
Reimerswaal,Zeeland,51.410.002,4.154.448,242.4,102.0,140.4,21915,34900,188000,0.03,0,0,45,50,55,45,35,30,20,20,20,20,20,20,20,15,15,15,20,red,white,black,blue,sword,lion,,,,crown
Renkum,Gelderland,51.982.983,5.739.978,47.2,46.0,1.2,31577,38200,253000,0.04,0,0,235,210,190,190,195,190,170,155,145,135,120,105,105,100,100,95,95,red,white,yellow,blue,horse,lion,,,,crown
Renswoude,Utrecht,52.074.661,5.538.173,18.5,18.4,0.1,4928,39200,281000,0.03,0,0,10,5,10,10,10,10,10,10,10,5,5,5,5,5,5,5,5,white,red,blue,,,,,,,crown
Reusel-De Mierden,Noord-Brabant,51.370.650,5.146.555,78.6,77.9,0.7,12728,37900,270000,0.03,0,0,20,25,25,20,20,20,15,15,20,20,20,15,15,15,15,15,15,blue,yellow,black,,corn,sun,cloud,,,
Rheden,Gelderland,52.005.737,6.027.959,84.4,81.8,2.6,43563,33600,204000,0.05,0,0,200,160,165,185,170,175,175,155,155,150,150,150,150,130,125,125,115,yellow,red,blue,,,,,,,
Rhenen,Utrecht,51.962.140,5.571.116,43.8,42.1,1.7,19123,37100,255000,0.03,0,0,85,75,75,70,55,50,45,40,35,40,40,40,40,40,35,35,35,red,white,,,castle,key,,lion,lion,crown
Ridderkerk,Zuid-Holland,51.870.253,4.602.234,25.3,23.7,1.5,45207,34700,194000,0.04,0,0,315,320,300,290,310,300,305,315,310,310,310,305,310,310,330,325,320,white,green,,,knight,horse,dragon,,,
Rijssen-Holten,Overijssel,52.292.506,6.439.999,94.4,94.1,0.3,37696,36200,220000,0.04,0,0,70,70,65,70,70,70,70,75,80,85,85,85,85,85,80,75,70,,,,,branch,boar,,,,crown
Rijswijk,Zuid-Holland,52.037.698,4.321.974,14.5,14.1,0.4,47680,33100,183000,0.04,0,0,290,320,330,320,325,320,315,315,300,310,305,325,315,330,335,325,340,blue,yellow,,,branch,,,lion,lion,
Roerdalen,Limburg,51.139.166,6.034.269,88.7,88.2,0.6,20808,35000,198000,0.04,0,0,55,55,60,55,50,50,50,40,45,55,50,50,45,40,40,40,35,blue,white,red,,lion,lily,,,,lion
Roermond,Limburg,51.191.320,5.987.772,71.1,60.8,10.3,57030,31500,174000,0.05,1,0,390,385,395,385,385,380,405,395,390,405,400,395,390,375,355,355,350,blue,white,red,,lion,lily,,,,crown
Roosendaal,Noord-Brabant,51.535.849,4.465.321,107.2,106.4,0.7,76930,33900,204000,0.05,1,0,425,560,605,605,595,570,550,510,480,450,455,425,415,400,395,370,355,red,black,white,,lion,rose,,,,crown
Rotterdam,Zuid-Holland,51.924.420,4.477.733,319.4,206.4,112.9,618467,29600,148000,0.04,8,1,4600,5070,5400,5430,5215,4935,4670,4370,4205,4215,4260,4235,4200,4085,4020,4010,4010,green,white,,,lion,,,lion,lion,crown
Rozendaal,Gelderland,52.009.785,5.966.507,27.9,27.9,0.0,1500,56800,462000,,0,0,10,10,10,5,5,10,5,5,5,5,5,5,5,0,0,0,5,blue,yellow,,,rose,,,,,
Rucphen,Noord-Brabant,51.533.567,4.560.320,64.5,64.4,0.1,22213,35300,245000,0.05,0,0,80,70,65,60,50,45,40,40,35,35,35,30,30,25,25,25,25,green,black,red,white,lion,diamond,,,,crown
Schagen,Noord-Holland,52.788.091,4.804.400,187.3,167.9,19.4,46016,35700,222000,0.03,0,0,205,145,130,115,110,95,90,95,90,75,70,70,65,70,70,60,55,yellow,red,,,rose,ring,lily,knight,lion,crown
Scherpenzeel,Gelderland,52.078.930,5.488.065,13.8,13.8,0.0,9496,37100,265000,0.03,0,0,25,30,25,20,15,15,15,15,15,15,15,10,10,10,10,10,10,blue,white,,,lily,,,,,crown
Schiedam,Zuid-Holland,51.916.960,4.398.819,19.9,18.0,1.8,76487,31000,142000,0.04,1,0,695,755,745,720,680,640,605,560,515,500,480,460,455,470,455,455,445,yellow,black,,,lion,,,,,crown
Schiermonnikoog,Friesland,53.489.374,6.230.911,199.1,44.0,155.1,938,30000,250000,,0,0,0,0,0,0,0,0,0,0,0,0,0,0,0,0,0,0,0,red,white,blue,green,monk,,,,,crown
Schinnen,Limburg,50.943.647,5.879.361,24.1,24.1,0.1,12961,35900,193000,0.04,0,0,175,140,130,120,120,95,80,75,70,65,70,60,60,25,30,25,25,blue,yellow,red,white,saint lambert,saint gertrude,snake,,,crown
Schouwen-Duiveland,Zeeland,51.680.357,3.952.013,488.2,230.1,258.1,33821,35300,229000,0.04,0,0,200,145,125,115,110,105,100,75,70,70,60,60,55,55,50,50,50,blue,white,yellow,black,mermaid,merman,wave,lion,lion,crown
's-Gravenhage,Zuid-Holland,52.070.498,4.300.700,98.1,81.9,16.2,508592,31800,188000,0.04,3,0,3780,3935,4020,4090,3940,3835,3725,3470,3375,3315,3305,3250,3170,3095,3075,3030,3010,yellow,green,,,stork,eel,,lion,lion,crown
's-Hertogenbosch,Noord-Brabant,51.711.742,5.301.631,91.8,84.5,7.3,143745,34900,221000,0.04,4,0,1010,950,895,840,810,765,725,715,730,710,705,705,700,690,685,690,675,red,blue,yellow,black,eagle,lion,tree,savage,savage,crown
Simpelveld,Limburg,50.832.849,5.987.771,16.0,16.0,0.0,10844,33300,161000,0.05,0,0,35,35,35,30,30,30,25,20,25,20,20,15,15,10,10,10,10,blue,white,,,shell,dove,ampoule,,,crown
Sint Anthonis,Noord-Brabant,51.627.161,5.885.193,99.8,99.3,0.5,11696,38900,263000,0.04,0,0,115,100,60,25,25,20,15,20,20,10,15,10,10,10,10,10,10,green,yellow,,,saint antony,,,,,
Sint-Michielsgestel,Noord-Brabant,51.641.348,5.352.881,59.3,58.4,0.9,28186,40300,295000,0.04,0,0,70,80,75,75,75,75,70,65,70,65,65,65,55,55,55,55,55,blue,white,,,cross,,,,,crown
Sittard-Geleen,Limburg,51.003.168,5.823.671,80.5,79.0,1.5,93806,31800,157000,0.04,1,0,560,540,515,495,485,490,455,420,415,410,395,385,385,365,370,380,385,yellow,black,red,,,,,,,
Sliedrecht,Zuid-Holland,51.824.868,4.773.162,14.0,12.8,1.2,24528,34600,173000,0.03,0,0,115,105,100,105,95,100,105,100,90,90,90,85,85,85,90,90,90,yellow,black,,,cross,,,,,crown
Sluis,Zeeland,51.308.656,3.387.919,307.2,279.7,27.5,23795,33200,181000,0.03,1,0,105,95,90,95,75,70,60,55,55,45,45,50,45,40,40,40,40,white,red,yellow,blue,stronghold,tower,,lion,lion,crown
Smallingerland,Friesland,53.127.729,6.079.345,126.2,118.2,7.9,55496,31100,168000,0.05,0,0,495,430,390,340,315,315,280,280,275,245,240,235,235,215,210,205,195,white,green,red,,tree,deer,,,,crown
Soest,Utrecht,52.176.352,5.299.197,46.4,46.2,0.2,45430,38700,273000,0.04,0,0,320,270,205,200,205,185,170,170,160,160,160,155,155,155,155,150,135,green,white,yellow,,plow,wave,,,,helmet
Someren,Noord-Brabant,51.384.967,5.712.367,81.5,80.3,1.2,18700,35700,265000,0.04,0,0,145,120,85,60,45,40,30,25,30,35,30,25,25,25,20,20,20,white,black,yellow,orange,lion,millrind,,,,crown
Son en Breugel,Noord-Brabant,51.511.394,5.498.219,26.5,26.0,0.6,16241,40700,295000,0.04,0,0,25,20,20,20,20,20,15,15,15,15,15,15,15,10,20,10,15,yellow,blue,,,sun,,,,,
Stadskanaal,Groningen,52.991.985,6.946.222,119.9,117.7,2.3,32793,29200,146000,0.05,0,0,225,160,125,105,100,80,75,65,60,55,50,45,45,45,45,45,40,white,black,green,yellow,corn,eagle,,,,crown
Staphorst,Overijssel,52.642.914,6.199.494,135.7,134.2,1.5,16365,37800,248000,0.03,0,0,30,30,35,25,25,25,20,15,15,15,15,15,10,15,15,10,15,blue,yellow,,,tower,,,,,
Stede Broec,Noord-Holland,51.511.394,5.498.219,16.4,14.6,1.7,21474,34800,181000,0.04,0,0,80,75,70,65,60,55,45,45,50,50,50,50,40,40,40,40,35,green,white,,,star,,,,,crown
Steenbergen,Noord-Brabant,51.581.240,4.315.599,159.1,146.7,12.5,23409,35500,202000,0.05,1,0,90,75,75,60,60,40,40,40,40,35,35,25,30,30,30,30,30,yellow,red,green,blue,cross,,,mermaid,mermaid,crown
Steenwijkerland,Overijssel,52.741.538,6.049.324,321.6,290.2,31.4,43372,32800,196000,0.06,1,0,125,110,100,110,110,90,80,80,75,70,70,65,55,55,55,65,65,white,black,green,,anchor,cross,,,,crown
Stein,Limburg,50.967.974,5.766.220,22.6,21.2,1.5,25348,34200,180000,0.04,0,0,75,65,65,70,60,60,65,55,55,60,60,60,60,60,60,50,50,red,yellow,black,,saint martin,horse,shield,,,crown
Stichtse Vecht,Utrecht,52.144.755,5.033.208,106.8,96.6,10.2,63823,40800,270000,0.04,0,0,220,240,225,215,210,205,190,180,170,170,165,155,155,155,145,145,140,yellow,grey,blue,red,cross,wave,,lion,lion,crown
Strijen,Zuid-Holland,51.744.684,4.553.920,57.7,50.9,6.9,8678,37400,222000,0.04,0,0,105,35,20,15,15,10,10,10,5,10,10,10,10,10,10,10,10,yellow,red,,,cross,wave,,,,crown
Sdwest-Frysln,Friesland,53.023.416,5.481.658,841.6,459.6,381.9,84258,32500,175000,0.05,0,0,790,620,530,465,360,315,265,245,225,200,190,180,180,175,165,160,155,blue,white,yellow,black,eagle,,,lion,lion,crown
Ten Boer,Groningen,53.275.888,6.692.600,45.7,45.3,0.4,7465,34600,174000,0.04,0,0,50,35,35,25,20,20,20,15,20,20,15,20,20,20,20,15,10,white,blue,red,yellow,staff,wave,,,,crown
Terneuzen,Zeeland,51.332.285,3.832.426,317.8,250.7,67.1,54711,33000,157000,0.03,1,0,155,130,135,105,105,105,95,90,90,80,80,80,80,85,80,80,80,white,red,blue,,lion,key,wave,,,crown
Terschelling,Friesland,53.397.875,5.346.679,674.0,86.2,587.8,4769,33300,298000,0.04,0,0,25,25,20,15,10,10,10,10,0,0,0,0,0,5,0,0,0,red,blue,yellow,green,lion,tree,seahorse,,,crown
Texel,Noord-Holland,53.054.763,4.797.715,463.2,161.1,302.0,13566,32400,258000,0.04,0,0,55,45,35,35,35,30,30,25,15,15,15,15,15,15,15,15,15,green,black,,,lion,anchor,,,,
Teylingen,Zuid-Holland,52.222.004,4.513.404,33.5,28.6,4.9,35723,41400,285000,0.03,0,0,160,155,150,145,130,120,110,95,105,100,100,100,95,95,90,90,90,yellow,red,black,,lion,,,lion,lion,crown
Tholen,Zeeland,51.533.271,4.216.222,254.0,147.1,106.9,25398,34100,185000,0.04,0,0,80,90,80,80,70,70,55,55,55,50,50,45,40,35,30,30,30,yellow,red,white,blue,ship,lion,,,,crown
Tiel,Gelderland,51.887.618,5.427.877,34.8,32.3,2.5,41729,33600,195000,0.05,0,0,185,200,220,215,185,185,195,180,175,180,190,180,180,180,185,185,180,yellow,black,,,eagle,lion,,lion,lion,crown
Tilburg,Noord-Brabant,51.560.596,5.091.914,119.2,117.3,1.9,210382,31600,187000,0.04,0,1,1285,1465,1470,1400,1295,1210,1165,1095,1060,1065,1030,1005,990,970,985,950,945,blue,yellow,,,stronghold,,,,,
Tubbergen,Overijssel,52.408.907,6.785.489,147.4,147.0,0.4,21216,37700,240000,0.04,0,0,15,15,15,15,15,15,15,15,15,15,15,15,15,15,15,15,10,blue,yellow,,,lion,cross,mountain,,,crown
Twenterand,Overijssel,52.450.068,6.620.745,108.1,106.3,1.8,33939,33700,203000,0.05,0,0,120,110,100,105,95,95,75,65,65,55,50,55,55,50,50,50,45,green,white,blue,,oak,lion,diamond,,,crown
Tynaarlo,Drenthe,53.101.283,6.576.097,147.7,143.5,4.2,32506,37800,236000,0.04,0,0,80,65,65,50,60,55,40,35,40,40,40,35,40,35,40,40,45,red,green,yellow,white,horse,raven,flower,,,crown
Tytsjerksteradiel,Friesland,53.176.038,5.978.680,161.4,149.4,12.0,31980,33800,192000,0.05,0,0,135,80,70,65,60,70,70,65,55,40,40,40,40,40,35,30,35,red,white,green,blue,,,,,,
Uden,Noord-Brabant,51.663.107,5.623.923,67.5,67.1,0.5,40934,35100,226000,0.04,0,0,135,135,135,125,120,115,110,110,110,115,105,105,100,95,95,90,90,blue,yellow,,,,,,,,
Uitgeest,Noord-Holland,52.531.225,4.712.046,22.3,19.2,3.1,13242,39100,238000,0.03,0,0,25,25,25,20,20,20,20,20,20,20,20,20,20,20,20,15,20,black,white,red,,lion,,,,,
Uithoorn,Noord-Holland,52.244.627,4.831.734,19.4,18.2,1.2,28407,38000,224000,0.04,0,0,110,105,110,110,110,115,110,115,120,115,115,110,105,105,100,110,105,blue,yellow,red,orange,child,horn,,,,
Urk,Flevoland,52.663.053,5.598.947,109.9,11.5,98.4,19487,37900,194000,0.02,0,0,40,35,30,25,20,15,15,5,5,5,5,5,5,5,5,0,0,blue,white,red,,fish,,,,,
Utrecht,Utrecht,52.090.737,5.121.420,99.2,94.3,4.9,328577,34300,223000,0.03,2,1,1310,1415,1515,1460,1465,1480,1470,1475,1455,1485,1475,1450,1440,1460,1455,1490,1470,red,white,,,,,,lion,lion,crown
Utrechtse Heuvelrug,Utrecht,52.052.203,5.282.495,134.1,132.2,1.9,47939,41400,305000,0.03,0,0,265,215,215,210,175,160,120,130,125,115,110,110,105,100,105,105,95,red,yellow,grey,black,cross,lion,lily,,,crown
Vaals,Limburg,50.773.218,6.011.274,23.9,23.9,0.0,9682,29100,143000,0.03,1,0,95,105,105,95,100,80,80,80,85,80,90,85,85,85,80,80,75,white,red,black,,saint lambert,lion,shield,,,
Valkenburg aan de Geul,Limburg,50.868.477,5.826.448,36.9,36.7,0.2,16668,34000,202000,0.04,0,0,110,105,95,95,85,75,65,65,60,60,60,65,60,55,55,45,45,yellow,red,blue,,castle,eagle,lily,lion,lion,crown
Valkenswaard,Noord-Brabant,51.355.496,5.453.327,56.5,55.0,1.5,30353,34500,244000,0.04,1,0,80,90,95,90,85,85,75,70,80,80,80,75,60,60,55,50,50,blue,yellow,,,saint nicolas,child,,,,
Veendam,Groningen,53.106.278,6.875.100,78.7,76.1,2.6,27795,30500,142000,0.05,0,0,175,150,135,120,110,90,85,70,65,60,55,55,55,45,40,45,45,blue,white,green,yellow,olive branch,snake,lily,,,
Veenendaal,Utrecht,52.026.301,5.554.431,19.7,19.5,0.2,63207,34800,210000,0.04,0,0,290,310,345,355,355,365,365,370,370,370,370,340,325,320,310,305,295,yellow,blue,black,,ship,,,,,crown
Veere,Zeeland,51.548.294,3.666.006,206.6,133.1,73.5,21882,36600,261000,0.03,0,0,80,65,60,55,45,40,40,35,30,15,10,10,5,5,10,10,10,green,blue,yellow,white,ship,tower,savage,,,crown
Veldhoven,Noord-Brabant,51.417.634,5.406.021,31.9,31.7,0.2,44136,37300,254000,0.04,0,0,130,135,145,150,150,130,130,120,105,120,120,115,115,115,110,110,90,blue,red,white,,lion,diamond,,,,crown
Velsen,Noord-Holland,52.452.059,4.630.587,63.1,44.8,18.3,67231,35300,222000,0.03,0,0,230,230,255,275,265,255,245,235,225,220,225,235,230,215,205,200,175,yellow,blue,,,agnus dei,cross,,,,
Venlo,Limburg,51.370.375,6.172.403,129.0,125.0,4.0,100381,31200,177000,0.06,1,0,585,580,575,505,500,475,470,435,435,420,395,380,375,375,365,355,350,blue,red,yellow,black,lion,anchor,crown,knight,knight,
Venray,Limburg,51.525.626,5.973.699,165.0,163.4,1.6,43120,35100,213000,0.05,0,0,250,260,285,295,270,270,245,235,225,215,210,220,210,200,195,190,185,white,blue,black,,beehive,key,snake,,,
Vianen,Utrecht,51.990.276,5.103.033,42.4,39.5,2.9,19573,37400,219000,0.04,0,0,100,95,80,75,75,70,65,60,60,60,55,55,50,50,55,55,50,white,yellow,red,black,pillar,,,,,crown
Vlaardingen,Zuid-Holland,51.912.067,4.349.437,26.7,23.6,3.1,71059,31700,164000,0.04,1,0,510,540,570,570,560,575,560,520,500,490,470,470,460,435,415,405,390,red,yellow,blue,,lion,,,griffin,griffin,crown
Vlieland,Friesland,53.250.184,4.951.427,315.8,36.1,279.7,1097,30600,243000,,0,0,45,25,5,0,0,0,0,0,0,0,0,0,0,0,0,0,0,green,white,,,ship,flag,,,,
Vlissingen,Zeeland,51.453.667,3.570.912,344.8,34.2,310.7,44450,30200,153000,0.05,0,0,305,340,330,310,260,260,255,240,235,215,210,200,185,185,170,170,155,red,white,,,jar,crown,,,,crown
Voerendaal,Limburg,50.879.153,5.931.160,31.5,31.5,0.0,12447,36800,206000,0.05,0,0,35,35,25,25,25,25,25,20,20,20,25,25,20,20,15,15,15,yellow,blue,red,,saint laurent,cross,lion,,,crown
Voorschoten,Zuid-Holland,52.123.790,4.438.598,11.6,11.2,0.4,24941,42300,283000,0.03,0,0,65,60,60,65,70,70,55,50,50,55,50,55,45,50,50,50,50,yellow,black,,,moon,,,,,crown
Voorst,Gelderland,52.225.271,6.099.050,126.5,123.1,3.4,23801,37300,261000,0.04,0,0,95,95,90,85,75,60,50,50,45,45,45,40,30,20,20,20,20,yellow,red,,,,,,,,crown
Vught,Noord-Brabant,51.653.306,5.294.347,34.4,33.5,1.0,25626,40300,324000,0.04,0,0,400,265,205,125,115,110,110,120,125,120,105,105,100,85,85,75,75,yellow,blue,red,,lion,key,church,,,
Waadhoeke,Friesland,53.184.738,5.531.866,,,,,,,,0,0,,,,,,,,,,,,,,,,,,yellow,blue,green,,,,,,,
Waalre,Noord-Brabant,51.387.833,5.443.202,22.7,22.4,0.3,16804,43000,302000,0.04,1,0,50,55,60,60,60,60,60,55,60,55,55,55,50,50,50,45,45,red,blue,yellow,,horn,lily,,,,saint willibrord
Waalwijk,Noord-Brabant,51.687.895,5.057.482,67.7,64.6,3.1,46515,34400,218000,0.04,0,0,210,205,225,210,195,175,160,155,145,130,125,120,120,115,115,115,115,yellow,red,black,,lion,,,,,tree
Waddinxveen,Zuid-Holland,52.031.297,4.659.132,29.4,27.9,1.5,25520,37700,207000,0.03,0,0,205,135,115,100,80,80,75,60,60,65,65,65,65,65,65,60,55,yellow,black,,,key,,,,,crown
Wageningen,Gelderland,51.969.187,5.665.395,32.4,30.5,1.9,37511,33700,244000,0.03,0,1,315,275,250,245,220,200,175,160,150,140,135,115,105,100,100,100,100,red,white,,,wheel,,,lion,lion,crown
Wassenaar,Zuid-Holland,52.142.910,4.401.213,62.4,50.9,11.5,25786,52600,483000,0.02,0,0,100,105,100,95,90,85,100,110,115,105,110,110,110,110,105,125,120,blue,white,,,moon,,,,,crown
Waterland,Noord-Holland,52.447.050,5.015.475,115.7,52.1,63.6,17154,41400,269000,0.03,1,0,45,50,45,40,35,35,35,30,30,30,30,25,25,25,30,30,25,white,blue,,,swan,arrow,,griffin,griffin,laurel
Weert,Limburg,51.243.941,5.714.222,105.5,104.5,1.0,48727,34400,211000,0.05,0,0,170,165,150,145,130,125,125,135,135,125,110,105,105,105,105,110,105,white,blue,red,yellow,wave,,,,,crown
Weesp,Noord-Holland,52.308.051,5.040.622,21.8,20.5,1.3,18231,35500,222000,0.04,0,0,75,85,85,80,80,80,80,75,75,75,75,75,70,65,65,65,65,blue,white,black,,,,,,,
Werkendam,Noord-Brabant,51.808.165,4.891.848,121.8,104.6,17.2,26400,38300,238000,0.03,1,0,75,70,65,50,50,50,45,40,35,35,35,35,35,30,30,30,25,yellow,red,green,blue,martlet,fish,corn,,,crown
West Maas en Waal,Gelderland,51.861.341,5.501.737,85.2,77.4,7.8,18391,36400,245000,0.04,0,0,65,60,55,55,50,45,45,30,25,25,25,20,20,15,10,5,0,white,yellow,blue,black,eagle,wave,,,,crown
Westerveld,Drenthe,52.857.708,6.296.010,282.7,278.8,3.9,18902,34900,253000,0.04,0,0,110,70,55,40,45,45,40,35,30,30,25,20,20,15,15,10,5,white,purple,,,,,,,,crown
Westervoort,Gelderland,51.963.807,5.968.984,7.8,7.1,0.8,15147,33700,182000,0.06,0,0,70,65,60,60,55,55,60,60,70,70,75,70,75,70,60,65,65,white,black,blue,yellow,eagle,,,,,
Westerwolde,Groningen,53.027.025,7.110.788,280.6,267.0,4.6,,,,,0,0,,,,,,,,,,,,,,,,,,,,,,,,,,,
Westland,Zuid-Holland,51.999.176,4.217.457,90.6,79.5,11.1,103335,37100,241000,0.03,0,0,465,395,385,355,295,280,270,270,285,275,260,265,260,250,255,245,235,white,red,green,grey,lion,,,,,crown
Weststellingwerf,Friesland,52.871.892,6.022.919,228.5,221.2,7.3,25487,32000,182000,0.06,0,0,75,75,75,60,70,65,55,50,50,50,50,45,45,45,40,35,30,red,white,,,griffin,star,,,,crown
Westvoorne,Zuid-Holland,51.887.279,4.084.461,97.5,53.2,44.3,13977,42800,303000,0.03,0,0,75,60,50,40,40,35,30,30,25,25,20,20,20,20,15,15,15,green,red,white,yellow,,,,,,
Wierden,Overijssel,52.358.260,6.593.873,95.4,94.8,0.6,23906,38400,235000,0.04,0,0,75,80,75,65,60,65,60,55,55,50,50,45,40,35,35,35,35,white,blue,yellow,black,cross,corn,,,,
Wijchen,Gelderland,51.813.674,5.752.895,69.6,66.5,3.1,41010,35800,227000,0.05,0,0,155,145,135,145,135,135,125,125,130,135,130,120,115,115,105,105,100,yellow,red,,,cross,scissors,,,,crown
Wijdemeren,Noord-Holland,52.219.688,5.093.666,76.4,47.9,28.5,23170,41600,331000,0.03,0,0,100,90,85,80,70,65,60,55,50,40,40,40,40,40,40,40,40,white,blue,green,,goose,,,,,crown
Wijk bij Duurstede,Utrecht,51.975.600,5.338.450,50.3,47.6,2.7,23031,39500,261000,0.04,0,0,85,80,75,65,65,60,50,45,40,40,40,35,40,35,40,40,30,yellow,red,white,,pillar,,,lion,lion,crown
Winsum,Groningen,53.330.810,6.522.254,102.5,101.1,1.4,13843,33300,167000,0.04,0,0,60,55,50,50,45,35,30,25,10,15,15,10,5,5,5,5,5,green,white,yellow,,star,wave,rider,,,crown
Winterswijk,Gelderland,51.971.314,6.720.509,138.8,138.2,0.7,28873,32000,180000,0.05,1,0,120,115,100,110,125,115,110,115,110,90,80,75,75,75,70,75,70,blue,yellow,white,,greyhound,,,,,crown
Woensdrecht,Noord-Brabant,51.429.248,4.304.708,91.9,91.6,0.4,21654,35700,224000,0.04,1,0,215,145,70,60,45,25,30,30,30,35,35,40,30,30,30,30,25,yellow,green,blue,,maria,jesus,lion,,,crown
Woerden,Utrecht,52.079.829,4.862.724,92.9,89.4,3.6,50607,39900,251000,0.03,0,0,130,155,155,150,150,140,130,120,115,115,115,110,110,105,100,100,100,yellow,red,white,black,diamond,,,lion,lion,crown
Wormerland,Noord-Holland,52.507.275,4.852.800,45.2,38.7,6.4,15751,37500,217000,0.03,0,0,50,55,50,40,40,35,35,30,30,35,35,35,35,35,25,25,25,blue,white,black,,ibis,,,,,crown
Woudenberg,Utrecht,52.082.175,5.426.595,36.8,36.5,0.3,12386,38800,281000,0.03,0,0,35,35,45,40,45,45,45,40,40,40,40,40,40,40,40,40,40,yellow,black,red,,cock,,,,,crown
Woudrichem,Noord-Brabant,51.817.007,5.003.751,51.7,49.3,2.4,14407,38200,251000,0.03,0,0,25,30,30,45,40,35,30,30,30,25,25,20,15,20,20,20,15,yellow,green,black,white,fish,cross,,,,crown
Zaanstad,Noord-Holland,52.457.966,4.751.043,83.2,73.9,9.4,150911,33300,177000,0.04,2,0,725,755,760,715,660,635,625,610,635,645,630,630,645,630,640,635,635,red,white,blue,,lion,,,whale,whale,
Zaltbommel,Gelderland,51.813.554,5.250.773,89.0,79.6,9.4,27207,38000,233000,0.04,0,0,105,85,80,75,65,55,50,45,40,35,35,35,30,35,30,30,30,red,blue,white,yellow,flower,stronghold,sword,lion,lion,crown
Zandvoort,Noord-Holland,52.371.149,4.533.355,44.0,32.1,12.0,16588,33700,255000,0.04,0,0,55,55,55,50,50,50,45,45,45,45,45,40,45,45,50,45,45,yellow,blue,,,herring,,,,,
Zederik,Zuid-Holland,51.925.558,5.013.633,76.5,73.7,2.8,13661,39200,256000,0.03,0,0,40,30,30,30,30,15,15,20,15,20,20,15,15,15,15,15,15,yellow,red,white,,rose,,,,,crown
Zeewolde,Flevoland,52.331.128,5.540.495,268.9,248.5,20.3,21543,39200,235000,0.04,0,0,380,270,200,150,100,35,35,35,40,35,35,35,35,40,35,35,40,blue,green,yellow,,lily,trefoil,antlers,seal,seal,crown
Zeist,Utrecht,52.090.601,5.233.253,48.7,48.5,0.1,61337,39700,301000,0.04,0,0,355,340,305,300,290,290,285,285,280,275,275,265,260,240,240,235,225,white,black,,,,,,,,
Zevenaar,Gelderland,51.929.445,6.076.959,58.0,53.3,4.7,32254,33400,186000,0.05,0,0,115,140,125,110,100,100,95,90,90,90,90,90,90,80,80,80,80,red,yellow,black,,lily,staff,,,,crown
Zoetermeer,Zuid-Holland,52.060.669,4.494.025,37.1,34.6,2.5,123614,36000,188000,0.04,0,0,605,680,740,810,895,950,990,1055,1115,1195,1215,1215,1205,1235,1215,1200,1155,blue,yellow,,,flower,,,lion,lion,crown
Zoeterwoude,Zuid-Holland,52.120.830,4.516.570,22.0,21.3,0.7,8089,40900,261000,0.03,0,0,35,35,25,25,25,25,25,20,20,15,15,20,20,15,20,15,15,blue,yellow,,,leaf,branch,,,,
Zuidhorn,Groningen,53.243.148,6.408.104,128.4,125.6,2.8,18767,35100,185000,0.04,0,0,95,80,90,75,75,70,70,65,60,50,50,40,35,35,35,35,30,blue,green,white,,staff,,,lion,griffin,crown
Zuidplas,Zuid-Holland,52.006.758,4.582.785,62.4,59.4,3.1,40878,40700,235000,0.03,0,0,150,160,160,160,155,150,140,130,125,130,130,125,120,115,120,115,115,white,blue,red,,lion,star,church,lion,lion,crown
Zundert,Noord-Brabant,51.470.701,4.662.356,121.2,120.8,0.4,21374,35800,289000,0.04,0,0,30,40,40,40,35,35,20,15,5,10,10,10,10,10,10,5,5,white,red,green,,lily,cross,,lion,lion,crown
Zutphen,Gelderland,52.142.736,6.196.058,42.9,41.0,2.0,47154,32100,185000,0.05,0,0,205,215,195,195,190,195,180,175,155,150,140,140,140,145,140,140,135,white,blue,red,,lion,cross,,lion,lion,crown
Zwartewaterland,Overijssel,52.601.512,6.059.625,87.9,82.7,5.2,22148,35600,197000,0.04,0,0,75,70,65,55,50,40,35,30,20,15,15,5,5,5,5,5,10,yellow,blue,white,red,lily,salmon,,,,crown
Zwijndrecht,Zuid-Holland,51.810.598,4.627.272,22.8,20.4,2.4,44546,34400,169000,0.04,0,0,210,220,225,230,235,245,245,235,240,255,250,235,240,225,225,225,220,yellow,black,,,,,,,,
Zwolle,Overijssel,52.516.775,6.083.022,119.4,111.4,8.0,123211,33600,200000,0.04,3,0,575,590,595,560,535,530,535,510,510,530,525,525,505,500,485,475,485,blue,white,,,cross,,,lion,lion,crown
